Cell,category,label
AGGGTGATCTGAGGGA-1-NBM-10.138P,NBM,0
CCTAGCTTCTCCAACC-1-NBM-1.138P,NBM,0
ATTACTCTCGTGGTCG-1-NBM-10.138P,NBM,0
TAAGAGAAGCCGCCTA-1-NBM-8.138P,NBM,0
GATCGATTCAGAGGTG-1-NBM-8.138P,NBM,0
ACATCAGGTCGCGGTT-1-NBM-10.138P,NBM,0
AGAGCGATCGGCGCTA-1-NBM-1.138P,NBM,0
GACGTGCCACCTATCC-1-NBM-8.138P,NBM,0
CGCCAAGTCCGCAGTG-1-NBM-6.138P,NBM,0
GCGACCAGTTCGAATC-1-NBM-7.138P,NBM,0
CTCCTAGTCCATGAAC-1-NBM-6.138P,NBM,0
ATCATCTAGTGTGGCA-1-NBM-8.138P,NBM,0
GTCATTTTCCCTCTTT-1-NBM-11.138P,NBM,0
GTCATTTAGCTATGCT-1-NBM-10.138P,NBM,0
TACTCGCCAATGTAAG-1-NBM-11.138P,NBM,0
AGACGTTGTATATCCG-1-NBM-7.138P,NBM,0
TGGTTAGAGTGTTTGC-1-NBM-6.138P,NBM,0
ACGATACTCAGAAATG-1-NBM-10.138P,NBM,0
CTCGGGACATTCCTGC-1-NBM-10.138P,NBM,0
TACTCATTCGAATCCA-1-NBM-11.138P,NBM,0
CCCATACCATGTTCCC-1-NBM-3.138P,NBM,0
AGTGTCAAGAAACGAG-1-NBM-10.138P,NBM,0
GCTCCTACAAGACACG-1-NBM-10.138P,NBM,0
GGGAATGCAAGCTGAG-1-NBM-10.138P,NBM,0
GCATGTACACAGAGGT-1-NBM-8.138P,NBM,0
GCTGCTTAGAGTACAT-1-NBM-1.138P,NBM,0
TGAGCCGCAACCGCCA-1-NBM-6.138P,NBM,0
GACCAATGTTTAGCTG-1-NBM-2.138P,NBM,0
AGAGTGGTCAGAGACG-1-NBM-6.138P,NBM,0
CGTTCTGAGGCGCTCT-1-NBM-6.138P,NBM,0
TGAGAGGTCTTGCATT-1-NBM-10.138P,NBM,0
TCTCATAGTAGAGCTG-1-NBM-8.138P,NBM,0
CGGAGCTTCTCTGTCG-1-NBM-8.138P,NBM,0
AGGTCCGCACATTAGC-1-NBM-7.138P,NBM,0
TACGGTAAGTGCGTGA-1-NBM-10.138P,NBM,0
CATCAGACACCCTATC-1-NBM-1.138P,NBM,0
TACGGGCGTTCGGCAC-1-NBM-6.138P,NBM,0
CGGGTCATCAAACCGT-1-NBM-10.138P,NBM,0
TCAGCAAGTTCCCTTG-1-NBM-11.138P,NBM,0
CTGCCTAAGTTAACGA-1-NBM-1.138P,NBM,0
GGCGTGTGTATTCGTG-1-NBM-11.138P,NBM,0
TCACAAGTCATCTGTT-1-NBM-7.138P,NBM,0
CTGCCTAGTCGGGTCT-1-NBM-6.138P,NBM,0
CCATTCGGTGACCAAG-1-NBM-2.138P,NBM,0
CCTTCGAGTTCCACTC-1-NBM-10.138P,NBM,0
CAGAGAGTCAGCTGGC-1-NBM-10.138P,NBM,0
GAGTCCGAGCTGCGAA-1-NBM-8.138P,NBM,0
AGCTCCTAGATGGGTC-1-NBM-6.138P,NBM,0
GGGTTGCGTGCGGTAA-1-NBM-10.138P,NBM,0
CGGGTCAAGACACTAA-1-NBM-11.138P,NBM,0
ACTTACTCATTCACTT-1-NBM-10.138P,NBM,0
CAGCATACATGCCTAA-1-NBM-8.138P,NBM,0
ATCACGATCCGCGGTA-1-NBM-11.138P,NBM,0
ACGGGTCCACGAAAGC-1-NBM-10.138P,NBM,0
ACGTCAAGTCAAACTC-1-NBM-10.138P,NBM,0
ACGATACTCGAATGGG-1-NBM-8.138P,NBM,0
GTCAAGTCAACACCCG-1-NBM-2.138P,NBM,0
CTTTGCGTCCTACAGA-1-NBM-8.138P,NBM,0
GCTGCTTTCTGGTGTA-1-NBM-10.138P,NBM,0
CCTTCGACAGACAAGC-1-NBM-10.138P,NBM,0
TCGCGTTTCGTCACGG-1-NBM-10.138P,NBM,0
TGGCCAGGTTCACGGC-1-NBM-8.138P,NBM,0
CACAGGCCATATGAGA-1-NBM-10.138P,NBM,0
TACTTACCACTGTCGG-1-NBM-11.138P,NBM,0
TGCCAAATCCTTTACA-1-NBM-2.138P,NBM,0
CGGAGTCTCGTTTATC-1-NBM-1.138P,NBM,0
AACTCCCGTATCACCA-1-NBM-10.138P,NBM,0
CCTTCGAAGACCACGA-1-NBM-8.138P,NBM,0
ATCGAGTAGAATAGGG-1-NBM-7.138P,NBM,0
TATTACCCACGAAAGC-1-NBM-10.138P,NBM,0
ATCTACTGTGCACTTA-1-NBM-7.138P,NBM,0
GCGAGAATCCAGAGGA-1-NBM-8.138P,NBM,0
TCAATCTCATGCATGT-1-NBM-7.138P,NBM,0
TCTCATACAGCTCGAC-1-NBM-11.138P,NBM,0
GCATGATCATCGACGC-1-NBM-2.138P,NBM,0
ATCATGGAGAATTGTG-1-NBM-8.138P,NBM,0
CAGGTGCAGAGCTATA-1-NBM-11.138P,NBM,0
GCTGCTTAGTGGGTTG-1-NBM-7.138P,NBM,0
CTACGTCAGACAGGCT-1-NBM-10.138P,NBM,0
AGACGTTGTTCTCATT-1-NBM-1.138P,NBM,0
AGGGATGTCAGCTTAG-1-NBM-10.138P,NBM,0
CGTTAGAAGCACGCCT-1-NBM-1.138P,NBM,0
AGGGAGTAGTAGATGT-1-NBM-10.138P,NBM,0
AACTTTCCATTCACTT-1-NBM-8.138P,NBM,0
TCATTTGCATCGACGC-1-NBM-7.138P,NBM,0
CCTCAGTAGAGGTACC-1-NBM-6.138P,NBM,0
GCTGCGACAGTTCATG-1-NBM-10.138P,NBM,0
TTATGCTGTTCGTCTC-1-NBM-7.138P,NBM,0
CTCGTACTCGGAAATA-1-NBM-10.138P,NBM,0
CGATGTAAGTAGCGGT-1-NBM-8.138P,NBM,0
CCTTTCTGTTACCAGT-1-NBM-1.138P,NBM,0
TCTGAGATCCTTTCGG-1-NBM-10.138P,NBM,0
GTCACAACACATCTTT-1-NBM-10.138P,NBM,0
TAGAGCTCACCCATTC-1-NBM-11.138P,NBM,0
CCAATCCTCACTATTC-1-NBM-11.138P,NBM,0
TATCAGGAGTTAAGTG-1-NBM-2.138P,NBM,0
AGTGAGGCATCAGTCA-1-NBM-7.138P,NBM,0
AACTCCCAGGCAGGTT-1-NBM-10.138P,NBM,0
CGTCTACTCCCACTTG-1-NBM-1.138P,NBM,0
ATTCTACGTCTCGTTC-1-NBM-10.138P,NBM,0
CACACCTCATTTGCTT-1-NBM-2.138P,NBM,0
TCAACGACAGGGCATA-1-NBM-8.138P,NBM,0
TGACTTTAGGACGAAA-1-NBM-7.138P,NBM,0
GTGGGTCAGCTCTCGG-1-NBM-10.138P,NBM,0
CAACCTCGTGTCCTCT-1-NBM-10.138P,NBM,0
CTACACCCAGATGGCA-1-NBM-8.138P,NBM,0
AAATGCCGTTCAGGCC-1-NBM-11.138P,NBM,0
CACACTCTCCACGACG-1-NBM-10.138P,NBM,0
TAGACCACAGTATCTG-1-NBM-11.138P,NBM,0
AACCGCGAGTACGCGA-1-NBM-6.138P,NBM,0
GTTACAGTCGGGAGTA-1-NBM-10.138P,NBM,0
CGTCAGGGTCATCCCT-1-NBM-8.138P,NBM,0
AACTGGTTCACATGCA-1-NBM-1.138P,NBM,0
CAGAGAGTCTAAGCCA-1-NBM-2.138P,NBM,0
CTCCTAGAGGCCGAAT-1-NBM-7.138P,NBM,0
CATCGGGAGTCTCCTC-1-NBM-8.138P,NBM,0
GATGAAATCACATACG-1-NBM-8.138P,NBM,0
AGAGCGATCTTGACGA-1-NBM-7.138P,NBM,0
TGGTTAGTCAACACAC-1-NBM-7.138P,NBM,0
CATATTCAGAATGTGT-1-NBM-8.138P,NBM,0
ATGTGTGCATGAACCT-1-NBM-6.138P,NBM,0
AACTGGTCACCAACCG-1-NBM-8.138P,NBM,0
CACATTTTCCGGCACA-1-NBM-10.138P,NBM,0
GTCCTCACACTGTTAG-1-NBM-6.138P,NBM,0
CCTACACCATCCGTGG-1-NBM-8.138P,NBM,0
GCTGCAGAGCTGGAAC-1-NBM-8.138P,NBM,0
AATCCAGCAAGCGCTC-1-NBM-10.138P,NBM,0
ATGGGAGAGGATATAC-1-NBM-10.138P,NBM,0
AACCGCGGTCATACTG-1-NBM-7.138P,NBM,0
ACGAGGAAGAACTGTA-1-NBM-10.138P,NBM,0
CATGGCGGTCCTCTTG-1-NBM-8.138P,NBM,0
GCAGTTAGTCGAATCT-1-NBM-6.138P,NBM,0
TCCCGATTCAGATAAG-1-NBM-1.138P,NBM,0
TCAGCAAGTCGCCATG-1-NBM-2.138P,NBM,0
AAGTCTGGTACCATCA-1-NBM-10.138P,NBM,0
CATATGGGTTCTCATT-1-NBM-11.138P,NBM,0
ATAACGCAGCCTATGT-1-NBM-7.138P,NBM,0
GTACTTTTCTCGCATC-1-NBM-7.138P,NBM,0
AGTGAGGAGGCTCTTA-1-NBM-4.138P,NBM,0
GACGTTATCCTATTCA-1-NBM-2.138P,NBM,0
CTAATGGGTTGAGTTC-1-NBM-1.138P,NBM,0
CGCTGGACAAGCTGGA-1-NBM-10.138P,NBM,0
AGCATACTCTAACTGG-1-NBM-8.138P,NBM,0
TAAGCGTAGGGAGTAA-1-NBM-10.138P,NBM,0
ACTGAACTCTTATCTG-1-NBM-7.138P,NBM,0
GCGCCAAAGCGTGTCC-1-NBM-6.138P,NBM,0
TGACTTTTCCGCGCAA-1-NBM-10.138P,NBM,0
GATTCAGAGTCCTCCT-1-NBM-10.138P,NBM,0
ACGAGCCAGAGCTTCT-1-NBM-8.138P,NBM,0
TACTCATCACCTGGTG-1-NBM-7.138P,NBM,0
GACGCGTAGACCGGAT-1-NBM-1.138P,NBM,0
CTGATCCCAGACGCTC-1-NBM-10.138P,NBM,0
CTCGGAGAGTCCTCCT-1-NBM-11.138P,NBM,0
GACCTGGTCAGTTCGA-1-NBM-6.138P,NBM,0
GGGAGATTCTGCCAGG-1-NBM-10.138P,NBM,0
GTTTCTACACTGTGTA-1-NBM-10.138P,NBM,0
TCTTTCCGTGCTTCTC-1-NBM-10.138P,NBM,0
ACAGCCGAGTACGATA-1-NBM-8.138P,NBM,0
AGGGATGGTGTCCTCT-1-NBM-4.138P,NBM,0
ACCGTAAGTTGGTAAA-1-NBM-2.138P,NBM,0
ATAAGAGTCTGGTATG-1-NBM-10.138P,NBM,0
AAACGGGCAACTGCTA-1-NBM-8.138P,NBM,0
ACGGGTCAGCCACGTC-1-NBM-11.138P,NBM,0
CCGGTAGGTCGCGAAA-1-NBM-11.138P,NBM,0
GGATGTTAGCGATAGC-1-NBM-8.138P,NBM,0
ATCGAGTAGATAGCAT-1-NBM-8.138P,NBM,0
CGCTGGAGTTAAGACA-1-NBM-6.138P,NBM,0
GTTTCTAAGCTGATAA-1-NBM-10.138P,NBM,0
ACGATACTCGTTTGCC-1-NBM-10.138P,NBM,0
ATCGAGTCACATGTGT-1-NBM-7.138P,NBM,0
GATGAAATCTAACTGG-1-NBM-8.138P,NBM,0
CGCTATCTCACAATGC-1-NBM-7.138P,NBM,0
GCTGCTTGTCGAGATG-1-NBM-10.138P,NBM,0
CGGAGCTAGGCTAGCA-1-NBM-10.138P,NBM,0
AGCTCTCGTTTGACTG-1-NBM-11.138P,NBM,0
GGAGCAAAGAATAGGG-1-NBM-8.138P,NBM,0
TTCTCAAGTAGCCTCG-1-NBM-2.138P,NBM,0
GGACGTCGTTGGACCC-1-NBM-10.138P,NBM,0
GAAGCAGCAGTAACGG-1-NBM-10.138P,NBM,0
GCGCGATCATGCATGT-1-NBM-2.138P,NBM,0
TTTATGCTCTTCATGT-1-NBM-11.138P,NBM,0
CGATCGGCAATGAAAC-1-NBM-10.138P,NBM,0
GCTCCTATCTTATCTG-1-NBM-8.138P,NBM,0
AAGGCAGAGCACAGGT-1-NBM-7.138P,NBM,0
AAATGCCTCCGCATCT-1-NBM-7.138P,NBM,0
AGCTCCTGTCCAACTA-1-NBM-8.138P,NBM,0
TCTGGAAAGGAGCGTT-1-NBM-11.138P,NBM,0
GTACTCCTCTAGAGTC-1-NBM-7.138P,NBM,0
CTTAACTGTTAGGGTG-1-NBM-7.138P,NBM,0
ATCATCTGTGCTCTTC-1-NBM-7.138P,NBM,0
ACCAGTACAACCGCCA-1-NBM-1.138P,NBM,0
GTCACGGTCACTTATC-1-NBM-7.138P,NBM,0
CAACCTCCATCTACGA-1-NBM-7.138P,NBM,0
TAGACCAAGTACGTAA-1-NBM-8.138P,NBM,0
CTGCCTAAGTTGAGTA-1-NBM-8.138P,NBM,0
GTCACAAGTTTGTTTC-1-NBM-8.138P,NBM,0
AGCCTAAAGTGCGTGA-1-NBM-10.138P,NBM,0
GTATTCTGTTCCACAA-1-NBM-10.138P,NBM,0
TTAACTCAGTGGGCTA-1-NBM-7.138P,NBM,0
CCTCAGTAGAGCTATA-1-NBM-11.138P,NBM,0
TTGCGTCCAATCCAAC-1-NBM-10.138P,NBM,0
ACCAGTAGTCACTTCC-1-NBM-8.138P,NBM,0
CCCATACGTATCTGCA-1-NBM-11.138P,NBM,0
TACAGTGTCCGCTGTT-1-NBM-8.138P,NBM,0
AGTAGTCGTCTAACGT-1-NBM-1.138P,NBM,0
CGACCTTCAAACAACA-1-NBM-10.138P,NBM,0
GTCAAGTGTCCATCCT-1-NBM-1.138P,NBM,0
TAGAGCTAGTGCGATG-1-NBM-8.138P,NBM,0
TAAGCGTTCTACTCAT-1-NBM-2.138P,NBM,0
TTCCCAGCACACCGCA-1-NBM-10.138P,NBM,0
AACTCTTCAGGGATTG-1-NBM-11.138P,NBM,0
CTCGAAAAGTGCCAGA-1-NBM-10.138P,NBM,0
TCGGGACTCTTGTCAT-1-NBM-2.138P,NBM,0
GTAACTGGTGTAATGA-1-NBM-1.138P,NBM,0
TACGGTATCTCTGTCG-1-NBM-7.138P,NBM,0
CATCCACTCATAGCAC-1-NBM-11.138P,NBM,0
GACGCGTGTCTCTCGT-1-NBM-10.138P,NBM,0
AGTCTTTTCAGTTTGG-1-NBM-6.138P,NBM,0
CCCTCCTCATAAAGGT-1-NBM-1.138P,NBM,0
ACACCCTCAAAGCGGT-1-NBM-8.138P,NBM,0
CATATTCTCCTTTCTC-1-NBM-7.138P,NBM,0
ACACCAAAGCTGAACG-1-NBM-8.138P,NBM,0
CAGCATAAGCTCCCAG-1-NBM-10.138P,NBM,0
TCACAAGCATCAGTAC-1-NBM-6.138P,NBM,0
AGGCCGTCAAGAGGCT-1-NBM-10.138P,NBM,0
GACACGCAGCTGAAAT-1-NBM-2.138P,NBM,0
GGACAAGGTGCAACGA-1-NBM-7.138P,NBM,0
GCGGGTTGTGGGTCAA-1-NBM-6.138P,NBM,0
GCGAGAAAGCCTTGAT-1-NBM-8.138P,NBM,0
AAATGCCTCAAGAAGT-1-NBM-10.138P,NBM,0
ATCACGATCACAACGT-1-NBM-8.138P,NBM,0
AAACCTGAGCAGACTG-1-NBM-10.138P,NBM,0
GGTGAAGTCAACGAAA-1-NBM-10.138P,NBM,0
ATTACTCGTTTAGCTG-1-NBM-8.138P,NBM,0
CAGATCAGTAAGGATT-1-NBM-8.138P,NBM,0
CAACCAAGTTACAGAA-1-NBM-3.138P,NBM,0
TTCGAAGTCATGGTCA-1-NBM-10.138P,NBM,0
GGGCATCGTCTCTTTA-1-NBM-10.138P,NBM,0
GGAACTTTCATACGGT-1-NBM-10.138P,NBM,0
TGCGTGGTCCTTTCGG-1-NBM-10.138P,NBM,0
TAAACCGTCAAGCCTA-1-NBM-11.138P,NBM,0
GGGACCTAGGGTTCCC-1-NBM-11.138P,NBM,0
GCGCAGTAGCAATCTC-1-NBM-7.138P,NBM,0
GACGGCTAGTGGAGAA-1-NBM-8.138P,NBM,0
CGGAGCTAGATGCGAC-1-NBM-10.138P,NBM,0
CGGTTAAGTCGCTTTC-1-NBM-10.138P,NBM,0
CCCATACCACTAAGTC-1-NBM-8.138P,NBM,0
ACTGCTCCAGACAAAT-1-NBM-7.138P,NBM,0
TGCTACCCAGAAGCAC-1-NBM-10.138P,NBM,0
GTGTGCGTCGTTGCCT-1-NBM-2.138P,NBM,0
CCGGGATAGCTTATCG-1-NBM-10.138P,NBM,0
TACTCATGTCAACATC-1-NBM-8.138P,NBM,0
TACGGATTCAAGATCC-1-NBM-1.138P,NBM,0
TGCTACCAGGGCTCTC-1-NBM-6.138P,NBM,0
GGAGCAAGTACACCGC-1-NBM-1.138P,NBM,0
CCTTCGAAGTGTCCAT-1-NBM-2.138P,NBM,0
GTGCAGCAGCGTCAAG-1-NBM-8.138P,NBM,0
TGCGCAGTCAGCTGGC-1-NBM-10.138P,NBM,0
TTGGAACCAGCATACT-1-NBM-8.138P,NBM,0
CTTACCGTCGCCTGAG-1-NBM-2.138P,NBM,0
TACAGTGAGCTGCCCA-1-NBM-4.138P,NBM,0
ACATACGCAGCAGTTT-1-NBM-8.138P,NBM,0
GTGCAGCCAAGAAGAG-1-NBM-7.138P,NBM,0
ATCTGCCGTTGGTAAA-1-NBM-4.138P,NBM,0
GAGCAGACATTACCTT-1-NBM-8.138P,NBM,0
AAATGCCTCCCAAGAT-1-NBM-7.138P,NBM,0
GGTGTTAAGTCCAGGA-1-NBM-11.138P,NBM,0
GGTGCGTAGCGTAATA-1-NBM-7.138P,NBM,0
CGCCAAGGTGACTACT-1-NBM-10.138P,NBM,0
TGGCTGGGTCCTCCAT-1-NBM-10.138P,NBM,0
AAATGCCAGGGAAACA-1-NBM-7.138P,NBM,0
GCCAAATCATTACCTT-1-NBM-8.138P,NBM,0
TAGAGCTGTCACTGGC-1-NBM-10.138P,NBM,0
AGTGTCATCACCGTAA-1-NBM-10.138P,NBM,0
CTGCGGATCTTGCCGT-1-NBM-7.138P,NBM,0
TGGTTAGAGCGTTGCC-1-NBM-10.138P,NBM,0
ATCATCTAGCTAAACA-1-NBM-10.138P,NBM,0
CACATTTAGTGAACGC-1-NBM-8.138P,NBM,0
TAAGAGAAGAGCCCAA-1-NBM-10.138P,NBM,0
TCAGCTCAGGGCATGT-1-NBM-7.138P,NBM,0
GCTGCGAAGTGGAGAA-1-NBM-1.138P,NBM,0
CACAGTAGTGTTTGTG-1-NBM-7.138P,NBM,0
TACGGTACAATAAGCA-1-NBM-8.138P,NBM,0
ACACCCTAGAGCTGCA-1-NBM-2.138P,NBM,0
CTGGTCTAGACTAGAT-1-NBM-7.138P,NBM,0
TGCCAAACAAGTCATC-1-NBM-8.138P,NBM,0
GCGAGAAAGACAATAC-1-NBM-1.138P,NBM,0
CTGAAACGTTCGAATC-1-NBM-10.138P,NBM,0
CTCGAGGCACATCTTT-1-NBM-7.138P,NBM,0
GCGCAGTTCAGCACAT-1-NBM-7.138P,NBM,0
GTAACTGAGTTAGCGG-1-NBM-1.138P,NBM,0
TTAGGCAGTCGGCACT-1-NBM-10.138P,NBM,0
TACTTGTTCCTCAATT-1-NBM-6.138P,NBM,0
TCTGAGACACTACAGT-1-NBM-10.138P,NBM,0
TAAGCGTTCTAGAGTC-1-NBM-10.138P,NBM,0
GTTACAGCACTTAACG-1-NBM-10.138P,NBM,0
GACTGCGAGCGTGAGT-1-NBM-7.138P,NBM,0
CGTAGGCGTGCCTTGG-1-NBM-2.138P,NBM,0
TGGCGCAAGCTGCGAA-1-NBM-8.138P,NBM,0
ACCAGTATCAAGATCC-1-NBM-8.138P,NBM,0
TTAGGCATCACGCGGT-1-NBM-8.138P,NBM,0
CAGGTGCGTTAAGTAG-1-NBM-6.138P,NBM,0
AGGGATGAGATAGCAT-1-NBM-11.138P,NBM,0
CGTGTCTCATAAAGGT-1-NBM-8.138P,NBM,0
CAAGTTGTCACTTACT-1-NBM-11.138P,NBM,0
CATTATCAGCACGCCT-1-NBM-7.138P,NBM,0
TATCAGGCACATTAGC-1-NBM-10.138P,NBM,0
CGCGTTTAGGAGTTGC-1-NBM-7.138P,NBM,0
CTGTGCTGTATGAAAC-1-NBM-2.138P,NBM,0
TTTCCTCAGGCTCTTA-1-NBM-8.138P,NBM,0
CACACTCCATTCGACA-1-NBM-1.138P,NBM,0
TACCTATCAAACCTAC-1-NBM-10.138P,NBM,0
CACACCTGTGGCGAAT-1-NBM-10.138P,NBM,0
GCTCCTATCACATAGC-1-NBM-6.138P,NBM,0
GTGCGGTGTAAAGTCA-1-NBM-1.138P,NBM,0
GATGAAACACTGAAGG-1-NBM-7.138P,NBM,0
AACGTTGTCGGCGCTA-1-NBM-8.138P,NBM,0
CATGACATCGCCTGAG-1-NBM-10.138P,NBM,0
CGGGTCACACGACGAA-1-NBM-10.138P,NBM,0
AGGGATGGTCGCGAAA-1-NBM-8.138P,NBM,0
TGAGCATAGGAGTTTA-1-NBM-8.138P,NBM,0
CTGATAGGTATCTGCA-1-NBM-11.138P,NBM,0
TGAGGGACAGACTCGC-1-NBM-8.138P,NBM,0
GTGAAGGCATACTACG-1-NBM-8.138P,NBM,0
TAAGAGATCGGACAAG-1-NBM-11.138P,NBM,0
GGTGAAGGTCTTCGTC-1-NBM-1.138P,NBM,0
AGCGGTCTCACAATGC-1-NBM-1.138P,NBM,0
TAGTGGTCAGCCTATA-1-NBM-6.138P,NBM,0
GGAACTTAGTGAATTG-1-NBM-8.138P,NBM,0
GGAACTTGTTTGGCGC-1-NBM-10.138P,NBM,0
CTCGGGACAAATTGCC-1-NBM-11.138P,NBM,0
TCGTACCGTGTAAGTA-1-NBM-2.138P,NBM,0
ACGGGCTCACTGCCAG-1-NBM-10.138P,NBM,0
AACTCCCCACGGTGTC-1-NBM-6.138P,NBM,0
TTCGGTCGTCTCATCC-1-NBM-10.138P,NBM,0
ACTGATGTCATGTCTT-1-NBM-2.138P,NBM,0
TTGTAGGAGCTGAAAT-1-NBM-11.138P,NBM,0
GTACTCCTCGATAGAA-1-NBM-2.138P,NBM,0
CGTCTACTCCCAGGTG-1-NBM-1.138P,NBM,0
CCTTCCCTCTTGTATC-1-NBM-11.138P,NBM,0
CTACATTTCGCCGTGA-1-NBM-4.138P,NBM,0
CTAGTGAGTTGAACTC-1-NBM-11.138P,NBM,0
GCGCAGTGTAGGAGTC-1-NBM-10.138P,NBM,0
TGGCTGGTCCTTCAAT-1-NBM-7.138P,NBM,0
CGTTCTGTCGCATGGC-1-NBM-7.138P,NBM,0
ATTACTCAGCGGCTTC-1-NBM-6.138P,NBM,0
GACCAATGTCTCAACA-1-NBM-6.138P,NBM,0
CTTACCGTCAGCCTAA-1-NBM-1.138P,NBM,0
TCGTACCAGCGTCTAT-1-NBM-8.138P,NBM,0
TGACTTTTCGGCCGAT-1-NBM-1.138P,NBM,0
AGCCTAAGTGGCAAAC-1-NBM-8.138P,NBM,0
TCTATTGTCTGTACGA-1-NBM-6.138P,NBM,0
TCAGATGAGAGGACGG-1-NBM-8.138P,NBM,0
TGCACCTAGCGCTTAT-1-NBM-11.138P,NBM,0
TCGGGACAGGATATAC-1-NBM-1.138P,NBM,0
GCATGTACAGTATAAG-1-NBM-10.138P,NBM,0
TGACGGCCACAGCGTC-1-NBM-11.138P,NBM,0
TTCTCAACAAAGTCAA-1-NBM-8.138P,NBM,0
CCCTCCTAGTGTTGAA-1-NBM-8.138P,NBM,0
GCTGGGTCAGTCTTCC-1-NBM-6.138P,NBM,0
AACGTTGAGACAATAC-1-NBM-10.138P,NBM,0
AAACGGGCAATTCCTT-1-NBM-11.138P,NBM,0
ACATACGCATGCCTTC-1-NBM-8.138P,NBM,0
GTAGGCCGTATATCCG-1-NBM-8.138P,NBM,0
TAGCCGGGTTAGGGTG-1-NBM-7.138P,NBM,0
TACTCATGTCGCATCG-1-NBM-8.138P,NBM,0
AAGGTTCGTTGGACCC-1-NBM-10.138P,NBM,0
GAATAAGGTGCGGTAA-1-NBM-10.138P,NBM,0
GTGGGTCAGGGAGTAA-1-NBM-10.138P,NBM,0
TAGCCGGGTATGGTTC-1-NBM-10.138P,NBM,0
GTGCTTCTCTATGTGG-1-NBM-10.138P,NBM,0
TTTGGTTCAGCCAATT-1-NBM-10.138P,NBM,0
GTCACAAAGGAGTTTA-1-NBM-8.138P,NBM,0
CTCGAGGAGAACTCGG-1-NBM-8.138P,NBM,0
CGGCTAGTCAGCTCTC-1-NBM-11.138P,NBM,0
ACGTCAAGTGCAACTT-1-NBM-10.138P,NBM,0
TTAGTTCGTCTCCACT-1-NBM-10.138P,NBM,0
TGACAACGTCTGCCAG-1-NBM-11.138P,NBM,0
CTACACCAGAATTGTG-1-NBM-2.138P,NBM,0
GACGGCTGTCGCTTCT-1-NBM-8.138P,NBM,0
GACGTTAAGATTACCC-1-NBM-11.138P,NBM,0
CGTCACTGTGATGTGG-1-NBM-7.138P,NBM,0
CAAGTTGTCAAGGTAA-1-NBM-10.138P,NBM,0
CTTCTCTCAAGACGTG-1-NBM-10.138P,NBM,0
GTGCAGCAGGGCTTCC-1-NBM-2.138P,NBM,0
GGAACTTCACATAACC-1-NBM-8.138P,NBM,0
CGTGAGCGTCTCCATC-1-NBM-11.138P,NBM,0
GTGTGCGGTTGTGGAG-1-NBM-10.138P,NBM,0
CGTGAGCTCGGACAAG-1-NBM-2.138P,NBM,0
CACATTTGTTTGTTGG-1-NBM-7.138P,NBM,0
ATCCACCTCCTTTCGG-1-NBM-10.138P,NBM,0
AGGGATGTCTGCGTAA-1-NBM-2.138P,NBM,0
AACTCTTCAATGGTCT-1-NBM-10.138P,NBM,0
CGGACACCAGACAAAT-1-NBM-2.138P,NBM,0
TTTCCTCCAGTTTACG-1-NBM-10.138P,NBM,0
AGTGAGGCAAACCTAC-1-NBM-6.138P,NBM,0
CGCTATCGTCCCGACA-1-NBM-7.138P,NBM,0
CACATTTCATCCCATC-1-NBM-6.138P,NBM,0
TACTCATCAGGGAGAG-1-NBM-1.138P,NBM,0
AGTGAGGTCCTATTCA-1-NBM-7.138P,NBM,0
CAACCTCAGTCAAGGC-1-NBM-8.138P,NBM,0
GCAAACTAGTGTTTGC-1-NBM-8.138P,NBM,0
CCCAATCAGTTAACGA-1-NBM-2.138P,NBM,0
TGTGGTATCAAACGGG-1-NBM-11.138P,NBM,0
CACCACTGTCCAACTA-1-NBM-10.138P,NBM,0
CGTTAGAGTCATGCCG-1-NBM-2.138P,NBM,0
CATCGGGTCTGTTGAG-1-NBM-7.138P,NBM,0
TCTGGAATCTTCTGGC-1-NBM-8.138P,NBM,0
TTCTACAGTGATGTCT-1-NBM-8.138P,NBM,0
ACGTCAAGTAATCGTC-1-NBM-6.138P,NBM,0
ATTACTCAGCCCAATT-1-NBM-10.138P,NBM,0
TAAGAGACAATAACGA-1-NBM-10.138P,NBM,0
CACATAGCACGGCGTT-1-NBM-10.138P,NBM,0
CCCATACGTAGCTAAA-1-NBM-1.138P,NBM,0
TCTGAGATCAACACAC-1-NBM-7.138P,NBM,0
AGACGTTTCGTCCGTT-1-NBM-10.138P,NBM,0
GGTGTTACACCTCGGA-1-NBM-10.138P,NBM,0
AAGTCTGGTACATCCA-1-NBM-11.138P,NBM,0
CTGCGGATCATGGTCA-1-NBM-10.138P,NBM,0
AGTGTCAAGCCGCCTA-1-NBM-7.138P,NBM,0
CCTTCGATCTTGAGGT-1-NBM-8.138P,NBM,0
ACCAGTACAATCGGTT-1-NBM-1.138P,NBM,0
CGGAGTCGTTTCGCTC-1-NBM-10.138P,NBM,0
ACTGTCCGTGATGCCC-1-NBM-11.138P,NBM,0
ACGAGCCTCATGCTCC-1-NBM-10.138P,NBM,0
TGTGTTTTCTAACCGA-1-NBM-1.138P,NBM,0
CTGCGGATCCAGAAGG-1-NBM-8.138P,NBM,0
TTCGGTCTCGGATGGA-1-NBM-7.138P,NBM,0
GTAACGTCATCGATGT-1-NBM-8.138P,NBM,0
ATTGGACGTAGGGACT-1-NBM-8.138P,NBM,0
GTCACGGCAGAGCCAA-1-NBM-1.138P,NBM,0
TCGTACCGTCCAGTGC-1-NBM-10.138P,NBM,0
TTAGGACGTCTGCAAT-1-NBM-10.138P,NBM,0
CACACAACAGATAATG-1-NBM-11.138P,NBM,0
ACGCAGCCACGGATAG-1-NBM-6.138P,NBM,0
ACTATCTCAAACGCGA-1-NBM-8.138P,NBM,0
GTTTCTACAGAAGCAC-1-NBM-4.138P,NBM,0
CGGGTCATCATTGCGA-1-NBM-10.138P,NBM,0
TCCACACGTAGCACGA-1-NBM-6.138P,NBM,0
AGAGCGATCCGTCAAA-1-NBM-8.138P,NBM,0
CTAACTTAGAACAATC-1-NBM-1.138P,NBM,0
CTAATGGGTAGCTCCG-1-NBM-10.138P,NBM,0
CCGTTCAAGGTCGGAT-1-NBM-8.138P,NBM,0
CGCTATCGTGAGGCTA-1-NBM-10.138P,NBM,0
GTAGGCCAGCGGCTTC-1-NBM-1.138P,NBM,0
CAGCAGCAGTCAATAG-1-NBM-2.138P,NBM,0
AATCGGTGTTACGTCA-1-NBM-10.138P,NBM,0
CGTCAGGTCCTATGTT-1-NBM-8.138P,NBM,0
TAGAGCTAGCGTCTAT-1-NBM-7.138P,NBM,0
GTCGTAAGTCTAGTCA-1-NBM-8.138P,NBM,0
CGGACACCACATAACC-1-NBM-6.138P,NBM,0
AGACGTTGTCGAAAGC-1-NBM-10.138P,NBM,0
GTCACAAGTACCATCA-1-NBM-8.138P,NBM,0
TGCCCATGTCATCGGC-1-NBM-2.138P,NBM,0
TGCGGGTTCCAAAGTC-1-NBM-7.138P,NBM,0
CGCTTCAAGTCGCCGT-1-NBM-11.138P,NBM,0
CGACCTTAGTGCGTGA-1-NBM-8.138P,NBM,0
CGGCTAGCAGGGATTG-1-NBM-10.138P,NBM,0
CCGGGATGTGCACTTA-1-NBM-7.138P,NBM,0
CGCGTTTCACATCCAA-1-NBM-11.138P,NBM,0
TAAGAGAAGGTGCAAC-1-NBM-10.138P,NBM,0
GAACGGAGTAGGGACT-1-NBM-8.138P,NBM,0
CCTCAGTGTAGCTTGT-1-NBM-10.138P,NBM,0
ACATACGTCTCGCATC-1-NBM-10.138P,NBM,0
CTCGAAAGTATATGAG-1-NBM-10.138P,NBM,0
GCCTCTATCTAACTTC-1-NBM-7.138P,NBM,0
TGTATTCCATATACGC-1-NBM-8.138P,NBM,0
ATTATCCAGTTGAGTA-1-NBM-10.138P,NBM,0
CACCACTAGCTGTCTA-1-NBM-1.138P,NBM,0
ACTTGTTAGGACCACA-1-NBM-10.138P,NBM,0
TCAGATGCATGGTCTA-1-NBM-6.138P,NBM,0
ACATACGAGTCGTACT-1-NBM-8.138P,NBM,0
CTCATTAGTACAGTTC-1-NBM-11.138P,NBM,0
AGAGTGGCACCGGAAA-1-NBM-11.138P,NBM,0
CTGATAGAGGACAGAA-1-NBM-8.138P,NBM,0
ATCCGAACAATGGAAT-1-NBM-8.138P,NBM,0
TCCCGATGTCCGAATT-1-NBM-11.138P,NBM,0
CCGTACTTCTCGAGTA-1-NBM-8.138P,NBM,0
CCTCAGTGTAAACCTC-1-NBM-1.138P,NBM,0
ACTGATGCACTCTGTC-1-NBM-7.138P,NBM,0
TTATGCTCAGTAAGAT-1-NBM-8.138P,NBM,0
ACAGCTATCACAATGC-1-NBM-2.138P,NBM,0
AGCATACGTAGCTTGT-1-NBM-10.138P,NBM,0
GTTCTCGAGCGCCTTG-1-NBM-2.138P,NBM,0
CCTAGCTTCAACACCA-1-NBM-1.138P,NBM,0
TGAGAGGCACTAAGTC-1-NBM-6.138P,NBM,0
CAAGATCAGGACCACA-1-NBM-11.138P,NBM,0
GATCGATTCACGGTTA-1-NBM-11.138P,NBM,0
AACCGCGCATAACCTG-1-NBM-1.138P,NBM,0
AGCTCTCCACTGTCGG-1-NBM-8.138P,NBM,0
GACACGCCAATCGAAA-1-NBM-10.138P,NBM,0
GGCCGATGTCATCGGC-1-NBM-8.138P,NBM,0
AGTGAGGAGCGAAGGG-1-NBM-2.138P,NBM,0
AGAGCTTTCCCTAATT-1-NBM-10.138P,NBM,0
CTGCGGACAGGTTTCA-1-NBM-10.138P,NBM,0
GGATTACCAATGACCT-1-NBM-2.138P,NBM,0
TGACGGCCAAGCCGTC-1-NBM-7.138P,NBM,0
CCACTACAGTAAGTAC-1-NBM-2.138P,NBM,0
TAAGTGCAGCTAGTCT-1-NBM-10.138P,NBM,0
CGTCTACGTGTTCGAT-1-NBM-7.138P,NBM,0
CCTACCATCCAGATCA-1-NBM-6.138P,NBM,0
CCTTCGACAGGAATCG-1-NBM-8.138P,NBM,0
CAGCTGGTCATGCAAC-1-NBM-11.138P,NBM,0
CGCGTTTCAGACAGGT-1-NBM-10.138P,NBM,0
TACCTATCAGATGAGC-1-NBM-1.138P,NBM,0
GGGATGACACACTGCG-1-NBM-10.138P,NBM,0
CGGAGTCAGCCCGAAA-1-NBM-6.138P,NBM,0
GACCTGGCAGCTCCGA-1-NBM-7.138P,NBM,0
GCGGGTTCAGCCTTGG-1-NBM-8.138P,NBM,0
GGCTGGTCACAAGTAA-1-NBM-10.138P,NBM,0
CGTCCATAGCCAACAG-1-NBM-8.138P,NBM,0
TGACGGCCATAGTAAG-1-NBM-7.138P,NBM,0
GATGCTATCGCGTAGC-1-NBM-10.138P,NBM,0
CTGAAACTCCACGAAT-1-NBM-7.138P,NBM,0
AGATCTGGTAGAAAGG-1-NBM-2.138P,NBM,0
TTAGGACAGACATAAC-1-NBM-7.138P,NBM,0
CTGAAACCAGCCTGTG-1-NBM-6.138P,NBM,0
TGTTCCGCAGGCAGTA-1-NBM-2.138P,NBM,0
TCCCGATGTAGCGCAA-1-NBM-10.138P,NBM,0
GTCTCGTGTAAACACA-1-NBM-8.138P,NBM,0
ATGCGATTCGTACGGC-1-NBM-7.138P,NBM,0
CAAGTTGAGGCTAGCA-1-NBM-6.138P,NBM,0
TGTGGTATCTCTGAGA-1-NBM-4.138P,NBM,0
GGGTCTGTCTGGAGCC-1-NBM-10.138P,NBM,0
ATTGGACAGACCTTTG-1-NBM-2.138P,NBM,0
ACAGCCGAGGAATGGA-1-NBM-10.138P,NBM,0
CACCTTGGTACCGAGA-1-NBM-10.138P,NBM,0
CTTCTCTCAGATGAGC-1-NBM-7.138P,NBM,0
TGGGCGTCATCCAACA-1-NBM-7.138P,NBM,0
CTCGTACTCGTGACAT-1-NBM-2.138P,NBM,0
TGGGCGTTCATGTGGT-1-NBM-7.138P,NBM,0
GTCACGGTCGCATGAT-1-NBM-6.138P,NBM,0
CTCGTCAAGCTAAGAT-1-NBM-1.138P,NBM,0
TAAGCGTTCTCATTCA-1-NBM-10.138P,NBM,0
CCTTACGCAGTCACTA-1-NBM-7.138P,NBM,0
CGATGGCTCCGCGTTT-1-NBM-10.138P,NBM,0
ATGCGATAGACTAGGC-1-NBM-1.138P,NBM,0
TTGAACGGTATAAACG-1-NBM-11.138P,NBM,0
ACTTGTTCACCAGTTA-1-NBM-7.138P,NBM,0
CCAGCGATCTTCTGGC-1-NBM-8.138P,NBM,0
CGTTAGAGTATAATGG-1-NBM-11.138P,NBM,0
GTTACAGGTGCCTGGT-1-NBM-11.138P,NBM,0
TTAGGACAGGAGTTTA-1-NBM-1.138P,NBM,0
GTCATTTGTCCGAACC-1-NBM-10.138P,NBM,0
TGGTTAGCATTAGCCA-1-NBM-8.138P,NBM,0
CTAATGGAGACTGTAA-1-NBM-11.138P,NBM,0
GGTGTTACATCCGTGG-1-NBM-10.138P,NBM,0
ACGCAGCGTAGCGCTC-1-NBM-11.138P,NBM,0
CGCTATCAGATGGCGT-1-NBM-6.138P,NBM,0
ACAGCTACACGACGAA-1-NBM-10.138P,NBM,0
ATTGGACTCCACGACG-1-NBM-10.138P,NBM,0
GTATCTTGTCCTGCTT-1-NBM-10.138P,NBM,0
TAGACCATCTCGTATT-1-NBM-10.138P,NBM,0
ACATGGTCAGTGGAGT-1-NBM-7.138P,NBM,0
GCAATCACACTAGTAC-1-NBM-8.138P,NBM,0
GACGCGTAGTGATCGG-1-NBM-7.138P,NBM,0
CATCAAGGTCTTCGTC-1-NBM-11.138P,NBM,0
CATGCCTAGAAGGACA-1-NBM-8.138P,NBM,0
GTTCGGGTCTCATTCA-1-NBM-7.138P,NBM,0
TAGAGCTTCCAAACAC-1-NBM-10.138P,NBM,0
CGTGTAATCCTTTCTC-1-NBM-8.138P,NBM,0
CAGAGAGGTGCAGACA-1-NBM-10.138P,NBM,0
CCTTACGCATCTGGTA-1-NBM-11.138P,NBM,0
CTAGCCTTCGGAGGTA-1-NBM-10.138P,NBM,0
ACACCAACAGCATGAG-1-NBM-7.138P,NBM,0
CTGTGCTGTACAAGTA-1-NBM-2.138P,NBM,0
AAGTCTGCATTGGCGC-1-NBM-10.138P,NBM,0
ACTTTCAGTTCGGGCT-1-NBM-7.138P,NBM,0
AGTTGGTGTTAAGTAG-1-NBM-2.138P,NBM,0
CTCGAGGGTGATGCCC-1-NBM-10.138P,NBM,0
CTCACACCATGACGGA-1-NBM-2.138P,NBM,0
CGTCAGGGTCCAGTTA-1-NBM-7.138P,NBM,0
TGGACGCCAGACAAGC-1-NBM-1.138P,NBM,0
GGACAAGTCGAGAACG-1-NBM-8.138P,NBM,0
AAGACCTCAACTGCGC-1-NBM-10.138P,NBM,0
AAAGCAATCTCAACTT-1-NBM-4.138P,NBM,0
TGAGCCGCACAGACTT-1-NBM-10.138P,NBM,0
TTAACTCAGCTGGAAC-1-NBM-4.138P,NBM,0
AGCGTATAGGGTTCCC-1-NBM-10.138P,NBM,0
CGTGTAATCAACACTG-1-NBM-7.138P,NBM,0
ACTATCTTCTTAGCCC-1-NBM-7.138P,NBM,0
CACACAAGTTGCGTTA-1-NBM-7.138P,NBM,0
TCGTAGACAGACACTT-1-NBM-7.138P,NBM,0
GCACTCTAGATCCTGT-1-NBM-6.138P,NBM,0
AGTGTCACAGACGTAG-1-NBM-7.138P,NBM,0
AGACGTTGTTTGTGTG-1-NBM-8.138P,NBM,0
CGATTGACATTAGCCA-1-NBM-10.138P,NBM,0
TTCTTAGAGAGCCCAA-1-NBM-7.138P,NBM,0
TGGGCGTGTGTCCTCT-1-NBM-8.138P,NBM,0
AAAGCAACAGATGGCA-1-NBM-7.138P,NBM,0
ACGGAGATCACGCGGT-1-NBM-10.138P,NBM,0
GCATACAAGCACCGTC-1-NBM-10.138P,NBM,0
GAAGCAGAGCGATAGC-1-NBM-7.138P,NBM,0
TGCTGCTTCTTGTTTG-1-NBM-8.138P,NBM,0
TTATGCTCAGTCTTCC-1-NBM-8.138P,NBM,0
CCCAATCTCAGGCCCA-1-NBM-2.138P,NBM,0
GCTTCCACAAGGCTCC-1-NBM-2.138P,NBM,0
TCGAGGCCACCTCGTT-1-NBM-7.138P,NBM,0
ATCTGCCTCGGTGTCG-1-NBM-11.138P,NBM,0
CCTCAGTCATGGGACA-1-NBM-11.138P,NBM,0
TTAGGCAAGAGAACAG-1-NBM-10.138P,NBM,0
ACTGAGTTCAGCGATT-1-NBM-10.138P,NBM,0
TTCGAAGCAATGGACG-1-NBM-7.138P,NBM,0
CCATTCGAGCGACGTA-1-NBM-7.138P,NBM,0
CTGCTGTTCCAGGGCT-1-NBM-2.138P,NBM,0
TGGCGCAAGCATCATC-1-NBM-10.138P,NBM,0
TCGTACCAGTGAAGTT-1-NBM-4.138P,NBM,0
ATGAGGGCAATGGAAT-1-NBM-6.138P,NBM,0
GCACATATCACTCTTA-1-NBM-1.138P,NBM,0
GCGCAGTCACTATCTT-1-NBM-8.138P,NBM,0
CTAGCCTTCTCTGCTG-1-NBM-11.138P,NBM,0
TACGGATGTGTTAAGA-1-NBM-2.138P,NBM,0
AGCAGCCGTTCGCGAC-1-NBM-8.138P,NBM,0
CTCGAGGTCCTTTACA-1-NBM-10.138P,NBM,0
AACTCAGAGTATCGAA-1-NBM-10.138P,NBM,0
CAACCAAGTCCTCCAT-1-NBM-7.138P,NBM,0
TGTATTCGTAAGAGGA-1-NBM-6.138P,NBM,0
TATCTCACACAAGTAA-1-NBM-10.138P,NBM,0
TGAAAGAGTCACCTAA-1-NBM-7.138P,NBM,0
GGGACCTTCAAACCGT-1-NBM-8.138P,NBM,0
TGAGAGGGTACCGTAT-1-NBM-11.138P,NBM,0
CCTTCGAGTCGGATCC-1-NBM-10.138P,NBM,0
CCAGCGACATTACCTT-1-NBM-10.138P,NBM,0
TTGGAACTCGGTTCGG-1-NBM-10.138P,NBM,0
ACTTACTAGACCTAGG-1-NBM-6.138P,NBM,0
TGACTTTTCTCATTCA-1-NBM-6.138P,NBM,0
CTCAGAACAGCATGAG-1-NBM-7.138P,NBM,0
GGGTTGCAGGGATCTG-1-NBM-10.138P,NBM,0
AACGTTGGTACCGAGA-1-NBM-7.138P,NBM,0
CACAAACCAGCTCGCA-1-NBM-7.138P,NBM,0
AGGTCATCACATAACC-1-NBM-8.138P,NBM,0
TTTGTCACATACAGCT-1-NBM-8.138P,NBM,0
ATTGGTGGTCACCCAG-1-NBM-6.138P,NBM,0
ATAAGAGTCTTTAGGG-1-NBM-10.138P,NBM,0
AAACCTGTCGTAGGTT-1-NBM-10.138P,NBM,0
TCCACACCAGCCTTTC-1-NBM-7.138P,NBM,0
CTAACTTTCAACGGGA-1-NBM-7.138P,NBM,0
ATGTGTGAGATGTGTA-1-NBM-8.138P,NBM,0
CAGCTGGGTAACGACG-1-NBM-11.138P,NBM,0
GACGTGCCAATGGAGC-1-NBM-8.138P,NBM,0
TCCACACAGAGTACCG-1-NBM-8.138P,NBM,0
CAGTAACCACCGAATT-1-NBM-8.138P,NBM,0
GAGGTGACAGGAACGT-1-NBM-10.138P,NBM,0
GTCTCGTCATGCAATC-1-NBM-6.138P,NBM,0
GGACGTCCATGTCCTC-1-NBM-6.138P,NBM,0
ACTTTCAGTACCGAGA-1-NBM-7.138P,NBM,0
TCTATTGAGCTAGTGG-1-NBM-2.138P,NBM,0
CGTAGGCAGTCAATAG-1-NBM-8.138P,NBM,0
TACGGTAGTTAAGACA-1-NBM-6.138P,NBM,0
CTGAAGTTCAGTTAGC-1-NBM-8.138P,NBM,0
TCAGCTCGTTAGGGTG-1-NBM-10.138P,NBM,0
TTGGAACGTACTCGCG-1-NBM-6.138P,NBM,0
GAACCTAAGAATGTTG-1-NBM-10.138P,NBM,0
CTCGAGGTCGTTGCCT-1-NBM-7.138P,NBM,0
TTCTCCTCATGTTCCC-1-NBM-1.138P,NBM,0
TACTCGCGTTAGATGA-1-NBM-1.138P,NBM,0
AACACGTCACGAAAGC-1-NBM-1.138P,NBM,0
ATCACGAAGAGTAATC-1-NBM-6.138P,NBM,0
AAATGCCCAGACGCCT-1-NBM-1.138P,NBM,0
GTCTCGTAGCGCCTCA-1-NBM-11.138P,NBM,0
CAGCGACAGCGACGTA-1-NBM-1.138P,NBM,0
CTTGGCTGTCATCCCT-1-NBM-7.138P,NBM,0
TCAGGTACAAAGAATC-1-NBM-11.138P,NBM,0
GTGCAGCCAAGTAGTA-1-NBM-10.138P,NBM,0
GGATGTTCAGTAAGCG-1-NBM-8.138P,NBM,0
CCACGGATCCTACAGA-1-NBM-10.138P,NBM,0
CTCTACGAGAAACCTA-1-NBM-7.138P,NBM,0
CGCTTCATCCACGTTC-1-NBM-2.138P,NBM,0
GAAGCAGAGCAATCTC-1-NBM-7.138P,NBM,0
ATCCGAATCAAGCCTA-1-NBM-6.138P,NBM,0
CCGTTCACAGATGGCA-1-NBM-11.138P,NBM,0
CGGAGCTCACACAGAG-1-NBM-8.138P,NBM,0
GGACGTCGTGCGATAG-1-NBM-10.138P,NBM,0
CCATGTCAGTTCGCAT-1-NBM-1.138P,NBM,0
AGCATACGTCTCTTTA-1-NBM-7.138P,NBM,0
AGCATACCAGATGAGC-1-NBM-11.138P,NBM,0
CGAGCACCAGGGCATA-1-NBM-8.138P,NBM,0
GGATTACCACGTCTCT-1-NBM-2.138P,NBM,0
AGTGAGGCATTCTTAC-1-NBM-2.138P,NBM,0
GCAAACTCACCTCGTT-1-NBM-2.138P,NBM,0
GGGTTGCGTGTGACCC-1-NBM-10.138P,NBM,0
TCAGCAACACACCGCA-1-NBM-7.138P,NBM,0
TAGCCGGTCCCATTTA-1-NBM-10.138P,NBM,0
GCCAAATGTGACTCAT-1-NBM-10.138P,NBM,0
CAGTCCTGTGTAACGG-1-NBM-6.138P,NBM,0
ACAGCCGAGTGAACGC-1-NBM-7.138P,NBM,0
GTCTCGTTCTGGTTCC-1-NBM-8.138P,NBM,0
ACTATCTGTGCTTCTC-1-NBM-2.138P,NBM,0
CTAGCCTGTCTAAACC-1-NBM-10.138P,NBM,0
AACTCTTCAAGCGATG-1-NBM-7.138P,NBM,0
CTCACACGTGATAAGT-1-NBM-7.138P,NBM,0
TGTGGTAAGGTTACCT-1-NBM-1.138P,NBM,0
CCATTCGGTGCTAGCC-1-NBM-8.138P,NBM,0
CATGGCGAGACCTTTG-1-NBM-8.138P,NBM,0
GATCGATGTTGGTTTG-1-NBM-11.138P,NBM,0
TCACAAGTCGCCATAA-1-NBM-8.138P,NBM,0
CCGGGATAGGCAGGTT-1-NBM-10.138P,NBM,0
TTCGGTCGTACAGACG-1-NBM-2.138P,NBM,0
ACAGCTATCTACGAGT-1-NBM-7.138P,NBM,0
CTAAGACTCACATGCA-1-NBM-11.138P,NBM,0
GACGCGTCATCGGAAG-1-NBM-8.138P,NBM,0
TCGTACCAGCGTTGCC-1-NBM-7.138P,NBM,0
CCGGGATTCATGCATG-1-NBM-10.138P,NBM,0
GCGGGTTGTTATCCGA-1-NBM-2.138P,NBM,0
GGACGTCCAGACACTT-1-NBM-7.138P,NBM,0
TGCCAAAGTACTTCTT-1-NBM-7.138P,NBM,0
TAAGAGATCTCCTATA-1-NBM-7.138P,NBM,0
GCTGCGATCATGTCCC-1-NBM-11.138P,NBM,0
TTATGCTCAATGTTGC-1-NBM-10.138P,NBM,0
TCGTAGAGTAACGTTC-1-NBM-8.138P,NBM,0
GGACGTCAGCGTAGTG-1-NBM-10.138P,NBM,0
GGTGAAGGTGATGCCC-1-NBM-10.138P,NBM,0
GGAAAGCTCAGCAACT-1-NBM-8.138P,NBM,0
AAAGTAGCATATACCG-1-NBM-8.138P,NBM,0
GCGACCACAGCGAACA-1-NBM-1.138P,NBM,0
CGTCCATGTCCTCTTG-1-NBM-10.138P,NBM,0
TCAGCAAAGAGTAAGG-1-NBM-1.138P,NBM,0
AACTCTTCATCGTCGG-1-NBM-10.138P,NBM,0
CCGTACTAGCGCCTCA-1-NBM-4.138P,NBM,0
GCTTGAAAGATGCGAC-1-NBM-1.138P,NBM,0
CAGCTAAAGTAACCCT-1-NBM-7.138P,NBM,0
CTGCCTATCGGTGTTA-1-NBM-6.138P,NBM,0
AAGTCTGCAGGAATGC-1-NBM-1.138P,NBM,0
GTCCTCACAATACGCT-1-NBM-7.138P,NBM,0
TGAAAGAAGCAACGGT-1-NBM-7.138P,NBM,0
TCATTACCACATCTTT-1-NBM-7.138P,NBM,0
GCATGTATCGTGGTCG-1-NBM-10.138P,NBM,0
GTACGTAGTTGGGACA-1-NBM-11.138P,NBM,0
TGCTGCTAGATGAGAG-1-NBM-7.138P,NBM,0
ACGGAGAGTCGCTTTC-1-NBM-7.138P,NBM,0
AAGGCAGCAGATCTGT-1-NBM-11.138P,NBM,0
GGGCACTGTTGGTTTG-1-NBM-11.138P,NBM,0
ATTACTCGTTACCGAT-1-NBM-7.138P,NBM,0
CGAGAAGCAGCATACT-1-NBM-8.138P,NBM,0
TCCACACAGCTCCTTC-1-NBM-10.138P,NBM,0
CCTAAAGAGCCCAACC-1-NBM-10.138P,NBM,0
CGAGCACAGTTGTAGA-1-NBM-10.138P,NBM,0
GTATCTTGTCCATGAT-1-NBM-8.138P,NBM,0
AAGCCGCGTTAGATGA-1-NBM-8.138P,NBM,0
TACTTACCAGTTAACC-1-NBM-7.138P,NBM,0
TCTGAGAGTGACAAAT-1-NBM-1.138P,NBM,0
GCATGATGTCATTAGC-1-NBM-7.138P,NBM,0
GTATCTTTCGGATGGA-1-NBM-6.138P,NBM,0
TGTGTTTAGATGCCTT-1-NBM-11.138P,NBM,0
GCTGGGTCACTACAGT-1-NBM-2.138P,NBM,0
CCTTCGATCGTCCGTT-1-NBM-7.138P,NBM,0
ACGTCAAGTAATCGTC-1-NBM-2.138P,NBM,0
CCACTACCAGCCTTGG-1-NBM-1.138P,NBM,0
TCTGAGAAGAGATGAG-1-NBM-4.138P,NBM,0
GGAACTTAGCAGGTCA-1-NBM-8.138P,NBM,0
TTGACTTAGGATATAC-1-SMMl-1.138P,SMM,1
GCTGGGTAGGACTGGT-1-SMMl-1.138P,SMM,1
TCAATCTAGCACACAG-1-SMMh-3.138P,SMM,1
GAAGCAGGTTTGGGCC-1-SMMl-1.138P,SMM,1
TCATTTGTCTTGAGGT-1-SMMh-4.138P,SMM,1
ACGTCAACACCAACCG-1-SMMh-6.138P,SMM,1
TACGGGCAGTACACCT-1-SMMh-6.138P,SMM,1
CCTACCAGTGACTCAT-1-SMMh-4.138P,SMM,1
GCAGTTAGTATGAATG-1-SMMh-4.138P,SMM,1
ACGTCAAAGCTAGTTC-1-SMMh-10.138P,SMM,1
CACATTTCAGGGCATA-1-SMMl-2.138P,SMM,1
TCTCATACACTAGTAC-1-SMMh-4.138P,SMM,1
AAAGATGGTTATTCTC-1-SMMh-4.138P,SMM,1
TCTGGAAGTAGGACAC-1-SMMh-4.138P,SMM,1
GTTCATTAGCGATGAC-1-SMMh-4.138P,SMM,1
AACTCCCAGTGCGATG-1-SMMl-2.138P,SMM,1
TGAGAGGTCAGATAAG-1-SMMh-4.138P,SMM,1
ACTGCTCAGGCCATAG-1-SMMh-5.138P,SMM,1
ACCGTAAGTTGCCTCT-1-SMMh-6.138P,SMM,1
CGATCGGTCTTCTGGC-1-SMMh-4.138P,SMM,1
TCTTTCCCACATGGGA-1-SMMh-3.138P,SMM,1
CAAGGCCAGCGTTCCG-1-SMMl-2.138P,SMM,1
ACAGCTATCATCGCTC-1-SMMh-5.138P,SMM,1
TACAGTGAGACTAGGC-1-SMMh-4.138P,SMM,1
CGTGAGCAGAGCAATT-1-SMMh-3.138P,SMM,1
TGCTGCTCATGGTCAT-1-SMMh-3.138P,SMM,1
TTATGCTTCTGTCTCG-1-SMMl-3.138P,SMM,1
ACTGCTCTCACTCCTG-1-SMMh-4.138P,SMM,1
GCAGTTACATGACATC-1-SMMh-4.138P,SMM,1
TAGACCACAGCTGGCT-1-SMMl-1.138P,SMM,1
AGTGGGAAGCCCAGCT-1-SMMh-4.138P,SMM,1
AAGCCGCGTACAGCAG-1-SMMh-3.138P,SMM,1
CTAAGACCAATCCAAC-1-SMMl-2.138P,SMM,1
CCTTACGTCTTCTGGC-1-SMMl-2.138P,SMM,1
CTTCTCTAGGCTCATT-1-SMMh-3.138P,SMM,1
ACACCCTAGATGTCGG-1-SMMh-9.138P,SMM,1
GTAACTGGTCTTCGTC-1-SMMh-4.138P,SMM,1
CCTTCGAGTTGGGACA-1-SMMh-6.138P,SMM,1
ACTGAACTCTCGTTTA-1-SMMh-1.138P,SMM,1
AGGCCACCAGTCTTCC-1-SMMh-1.138P,SMM,1
CGTCAGGCATTAACCG-1-SMMh-4.138P,SMM,1
GAAACTCGTCTGCAAT-1-SMMh-4.138P,SMM,1
GATCGTACAATGAATG-1-SMMh-3.138P,SMM,1
AGCGTCGCAAATTGCC-1-SMMh-3.138P,SMM,1
GCAATCACAGACGCAA-1-SMMh-3.138P,SMM,1
CTGTGCTCAGCTGTTA-1-SMMh-5.138P,SMM,1
GGGAGATCAGATTGCT-1-SMMl-2.138P,SMM,1
GAAACTCTCAGATAAG-1-SMMh-4.138P,SMM,1
ATCACGACATGCTGGC-1-SMMh-3.138P,SMM,1
TGACTAGCAACCGCCA-1-SMMh-3.138P,SMM,1
CTACACCTCGCTTAGA-1-SMMl-2.138P,SMM,1
ACCTTTAAGGGCATGT-1-SMMh-4.138P,SMM,1
GTTTCTACAGCTTCGG-1-SMMh-6.138P,SMM,1
CAGAGAGGTCAGAATA-1-SMMl-2.138P,SMM,1
TCTTCGGTCACAATGC-1-SMMh-6.138P,SMM,1
CGAGAAGTCATAGCAC-1-SMMh-6.138P,SMM,1
CAAGGCCTCGAATGGG-1-SMMl-3.138P,SMM,1
TTAGGCATCAACGAAA-1-SMMh-3.138P,SMM,1
GTGCGGTAGAAACCGC-1-SMMl-2.138P,SMM,1
CCACCTAAGGAGTTTA-1-SMMl-2.138P,SMM,1
CACACCTAGGGAAACA-1-SMMh-4.138P,SMM,1
ACACTGACATCGACGC-1-SMMh-8.138P,SMM,1
GAGCAGAGTTCCACAA-1-SMMl-3.138P,SMM,1
CGAATGTTCACTTATC-1-SMMl-2.138P,SMM,1
GAATGAACACGAAATA-1-SMMh-6.138P,SMM,1
TAGTTGGCATTCACTT-1-SMMh-6.138P,SMM,1
GCATGCGCAGTCACTA-1-SMMh-4.138P,SMM,1
CATCGGGCAAGTCTGT-1-SMMh-6.138P,SMM,1
CTTTGCGAGTGCGATG-1-SMMl-2.138P,SMM,1
CGATGTAGTACAGACG-1-SMMh-4.138P,SMM,1
AACGTTGCAGGCAGTA-1-SMMh-10.138P,SMM,1
TTAACTCTCCCTCTTT-1-SMMh-3.138P,SMM,1
AAAGTAGTCCGTAGGC-1-SMMh-2.138P,SMM,1
CTTGGCTAGACTACAA-1-SMMh-4.138P,SMM,1
GGGACCTAGCTGAAAT-1-SMMh-4.138P,SMM,1
TGAGCCGTCGTTTAGG-1-SMMl-3.138P,SMM,1
ACGGCCATCTCTGAGA-1-SMMh-5.138P,SMM,1
AGAGCGAAGACAATAC-1-SMMl-3.138P,SMM,1
TGAGGGATCTACGAGT-1-SMMh-3.138P,SMM,1
GCTGGGTAGTGAACAT-1-SMMh-6.138P,SMM,1
AGTGGGAAGGCTCAGA-1-SMMh-5.138P,SMM,1
GTGAAGGCACAGTCGC-1-SMMl-2.138P,SMM,1
ACATACGCATAGACTC-1-SMMl-2.138P,SMM,1
ATCACGATCCGTCATC-1-SMMh-4.138P,SMM,1
ACCCACTGTCAAAGCG-1-SMMh-6.138P,SMM,1
ACACCGGGTCAGCTAT-1-SMMh-4.138P,SMM,1
TTCGAAGAGGAGTCTG-1-SMMh-3.138P,SMM,1
GTGTGCGTCAGCAACT-1-SMMh-3.138P,SMM,1
AGCCTAAGTGTCGCTG-1-SMMl-2.138P,SMM,1
CGGAGTCAGACTAGAT-1-SMMl-2.138P,SMM,1
GGAAAGCAGTACACCT-1-SMMh-4.138P,SMM,1
CACAAACCAGAAGCAC-1-SMMh-4.138P,SMM,1
GCTTCCATCTGCTGCT-1-SMMh-3.138P,SMM,1
CAGAGAGAGAGCTGCA-1-SMMh-4.138P,SMM,1
GACGTGCGTGCCTGTG-1-SMMh-5.138P,SMM,1
TGAGCCGAGATCCCGC-1-SMMh-5.138P,SMM,1
GGTGAAGAGTCTCGGC-1-SMMh-3.138P,SMM,1
ATCTACTTCGTGACAT-1-SMMh-5.138P,SMM,1
GGATGTTGTCGAAAGC-1-SMMh-4.138P,SMM,1
GCGCGATAGCGAAGGG-1-SMMl-2.138P,SMM,1
ATCGAGTTCGTTACGA-1-SMMl-2.138P,SMM,1
GATTCAGTCGGCGCTA-1-SMMh-4.138P,SMM,1
AAACCTGTCAACTCTT-1-SMMh-6.138P,SMM,1
CGATTGACACGAAGCA-1-SMMh-3.138P,SMM,1
TAAGTGCTCAATACCG-1-SMMh-6.138P,SMM,1
CTGAAACAGGACTGGT-1-SMMh-4.138P,SMM,1
TGGCCAGAGGATGTAT-1-SMMh-6.138P,SMM,1
CGTCACTAGTGTACCT-1-SMMl-1.138P,SMM,1
GGATTACAGCTAACTC-1-SMMl-2.138P,SMM,1
CCAATCCTCACAGGCC-1-SMMl-2.138P,SMM,1
TGCTGCTAGCGAAGGG-1-SMMh-1.138P,SMM,1
GCATGCGCAAACCCAT-1-SMMh-4.138P,SMM,1
GGAAAGCGTACGCTGC-1-SMMh-6.138P,SMM,1
ATCGAGTCACCCTATC-1-SMMh-3.138P,SMM,1
CTGCGGAGTTGCTCCT-1-SMMh-5.138P,SMM,1
TACCTTAAGGCTCAGA-1-SMMh-10.138P,SMM,1
AATCGGTCAGGGAGAG-1-SMMh-10.138P,SMM,1
ATGTGTGCAGGTGCCT-1-SMMh-4.138P,SMM,1
GGGATGACACAAGTAA-1-SMMh-3.138P,SMM,1
TTTACTGAGGATGTAT-1-SMMh-4.138P,SMM,1
CCAATCCGTCGAATCT-1-SMMl-3.138P,SMM,1
GCTTCCATCTAGCACA-1-SMMh-3.138P,SMM,1
TGCTGCTGTGGTTTCA-1-SMMh-4.138P,SMM,1
CAGCATAGTTGCCTCT-1-SMMh-9.138P,SMM,1
TAGAGCTGTCAACTGT-1-SMMh-10.138P,SMM,1
GGACGTCGTTAAAGTG-1-SMMh-5.138P,SMM,1
ATTATCCCATGCAATC-1-SMMh-6.138P,SMM,1
GATCTAGTCAGCAACT-1-SMMh-6.138P,SMM,1
CAACCTCGTGAACCTT-1-SMMl-2.138P,SMM,1
CAGTCCTCAAGGTGTG-1-SMMh-9.138P,SMM,1
AGCAGCCCATGGATGG-1-SMMh-4.138P,SMM,1
CACCAGGGTCCGAAGA-1-SMMh-3.138P,SMM,1
TGCCAAAGTTCCATGA-1-SMMl-1.138P,SMM,1
GTAGTCATCGTGACAT-1-SMMh-4.138P,SMM,1
CCACTACAGGATATAC-1-SMMl-2.138P,SMM,1
ATGAGGGCAGGGTACA-1-SMMl-3.138P,SMM,1
GTTAAGCTCATTTGGG-1-SMMl-3.138P,SMM,1
GGCTGGTCACCAGTTA-1-SMMh-3.138P,SMM,1
GAGCAGACAACTTGAC-1-SMMl-2.138P,SMM,1
ATTGGTGGTCCTCCAT-1-SMMl-2.138P,SMM,1
TACCTTAAGAAGGTTT-1-SMMl-2.138P,SMM,1
GTAGTCAGTCAGATAA-1-SMMl-2.138P,SMM,1
AGCAGCCTCATTATCC-1-SMMh-3.138P,SMM,1
TACACGAGTATATGGA-1-SMMl-2.138P,SMM,1
ATCATGGAGAATCTCC-1-SMMh-6.138P,SMM,1
GGTGCGTCATGTAAGA-1-SMMh-4.138P,SMM,1
TTGACTTCACAAGACG-1-SMMh-1.138P,SMM,1
CGAGAAGAGTCGTACT-1-SMMl-2.138P,SMM,1
GAGTCCGTCCTATGTT-1-SMMh-4.138P,SMM,1
AAGTCTGGTGTAATGA-1-SMMh-4.138P,SMM,1
AACTGGTAGCTAGTGG-1-SMMh-4.138P,SMM,1
CCGTACTGTCGACTGC-1-SMMh-5.138P,SMM,1
TACACGATCTTGTATC-1-SMMh-4.138P,SMM,1
CCTCAGTTCTTGTACT-1-SMMh-6.138P,SMM,1
GGCTGGTCAGCATGAG-1-SMMl-2.138P,SMM,1
GGAACTTTCCTCAATT-1-SMMh-4.138P,SMM,1
GTGCAGCTCGTATCAG-1-SMMl-2.138P,SMM,1
CGGAGTCCATATACCG-1-SMMh-4.138P,SMM,1
ACCGTAAGTGTAACGG-1-SMMh-6.138P,SMM,1
TTGGCAACACTGTCGG-1-SMMh-5.138P,SMM,1
TGAGCCGTCGGTGTCG-1-SMMl-2.138P,SMM,1
ACTTTCAAGACTGGGT-1-SMMh-6.138P,SMM,1
CCCAATCTCTGTTGAG-1-SMMl-2.138P,SMM,1
AACTTTCTCTGCAGTA-1-SMMh-4.138P,SMM,1
CGAACATTCCTGCAGG-1-SMMl-2.138P,SMM,1
CTAGCCTCACGCATCG-1-SMMl-2.138P,SMM,1
CCCAGTTGTCTCACCT-1-SMMh-4.138P,SMM,1
TACGGTATCGTCCAGG-1-SMMl-2.138P,SMM,1
GGCTGGTCAGACAAAT-1-SMMh-4.138P,SMM,1
GCTTGAAAGTTACCCA-1-SMMh-3.138P,SMM,1
GCCTCTAAGCCATCGC-1-SMMh-3.138P,SMM,1
GGACATTCATGTTCCC-1-SMMh-8.138P,SMM,1
CTAGCCTTCAAAGACA-1-SMMh-5.138P,SMM,1
CTAACTTGTAAGCACG-1-SMMh-4.138P,SMM,1
CCTTCGATCCCAACGG-1-SMMh-3.138P,SMM,1
TGGTTCCGTTCTCATT-1-SMMh-5.138P,SMM,1
GACTAACAGCGGCTTC-1-SMMh-6.138P,SMM,1
GCGAGAATCGGATGTT-1-SMMh-5.138P,SMM,1
ATCACGACAATCCGAT-1-SMMh-6.138P,SMM,1
CTACGTCGTATAATGG-1-SMMh-4.138P,SMM,1
CGGAGCTAGATCCCAT-1-SMMh-6.138P,SMM,1
AAATGCCCAACGCACC-1-SMMh-6.138P,SMM,1
TCATTACCAGGCTCAC-1-SMMh-6.138P,SMM,1
CTTAACTCACCCATGG-1-SMMh-4.138P,SMM,1
ATAAGAGCATCTCGCT-1-SMMh-3.138P,SMM,1
GATCGATTCTAACTTC-1-SMMh-3.138P,SMM,1
TCTATTGAGGGAGTAA-1-SMMh-3.138P,SMM,1
GAAGCAGGTTCCACTC-1-SMMl-2.138P,SMM,1
GGGCACTTCAATCTCT-1-SMMh-6.138P,SMM,1
TGCGGGTCATGGTTGT-1-SMMh-5.138P,SMM,1
CTCGAAACAGCCTATA-1-SMMh-6.138P,SMM,1
GTGCGGTGTAAGAGAG-1-SMMh-10.138P,SMM,1
GTGCTTCAGTACGTAA-1-SMMl-2.138P,SMM,1
CATGGCGGTGACGCCT-1-SMMl-2.138P,SMM,1
CATCGGGTCGGCGGTT-1-SMMh-6.138P,SMM,1
AAGACCTAGTGGTAAT-1-SMMh-3.138P,SMM,1
ACCTTTACATGTAGTC-1-SMMh-10.138P,SMM,1
AGAGCTTCAAGGTTTC-1-SMMl-2.138P,SMM,1
CTTCTCTGTAGTGAAT-1-SMMh-4.138P,SMM,1
CATTATCCAGCTCGCA-1-SMMh-5.138P,SMM,1
TAGTTGGTCGATGAGG-1-SMMh-6.138P,SMM,1
TACGGGCGTACTCTCC-1-SMMl-2.138P,SMM,1
CCCTCCTCACCAACCG-1-SMMl-2.138P,SMM,1
ATTCTACTCTGAAAGA-1-SMMh-6.138P,SMM,1
CATCGGGTCGGCTTGG-1-SMMh-6.138P,SMM,1
TGGTTCCTCCTTGGTC-1-SMMh-4.138P,SMM,1
GATCGTATCATGCATG-1-SMMh-6.138P,SMM,1
AGACGTTTCTGGAGCC-1-SMMl-1.138P,SMM,1
CCTAAAGGTTCAGTAC-1-SMMl-2.138P,SMM,1
GTCGGGTCATACGCCG-1-SMMh-10.138P,SMM,1
TGCTGCTTCACGAAGG-1-SMMh-4.138P,SMM,1
ACGATACTCTCTAGGA-1-SMMh-4.138P,SMM,1
TCCCGATCACAGGCCT-1-SMMl-2.138P,SMM,1
ACACCCTTCCGCGCAA-1-SMMl-1.138P,SMM,1
CGATCGGGTGAAGGCT-1-SMMh-5.138P,SMM,1
GCGCAACGTAGGAGTC-1-SMMh-4.138P,SMM,1
AACTGGTCATTCTCAT-1-SMMl-2.138P,SMM,1
TGCGCAGGTTACAGAA-1-SMMh-4.138P,SMM,1
GGAACTTTCTCTGAGA-1-SMMh-6.138P,SMM,1
TCAGATGAGGATGTAT-1-SMMh-6.138P,SMM,1
CTAATGGAGTGCCATT-1-SMMh-3.138P,SMM,1
TGCCAAAGTATAGGTA-1-SMMh-4.138P,SMM,1
CTAGTGATCGGTGTTA-1-SMMh-4.138P,SMM,1
GTCACGGTCCATGAAC-1-SMMl-2.138P,SMM,1
ATCACGAAGATTACCC-1-SMMh-4.138P,SMM,1
TCATTTGGTCTAGAGG-1-SMMl-2.138P,SMM,1
AGAGCGACAAGGTTCT-1-SMMh-4.138P,SMM,1
AACCGCGCAGTAACGG-1-SMMh-4.138P,SMM,1
CTACATTAGTGGACGT-1-SMMh-6.138P,SMM,1
CACACCTTCGCTGATA-1-SMMh-3.138P,SMM,1
GAACATCGTTAAAGAC-1-SMMh-3.138P,SMM,1
CATATGGCAACTGCTA-1-SMMl-2.138P,SMM,1
GTGCGGTGTGTTCTTT-1-SMMl-2.138P,SMM,1
GGTGCGTCACAACGCC-1-SMMl-2.138P,SMM,1
CGTCAGGAGAGGGATA-1-SMMh-5.138P,SMM,1
TCCACACAGATGTAAC-1-SMMh-4.138P,SMM,1
GACGCGTTCTCGATGA-1-SMMl-2.138P,SMM,1
TATTACCCACCTGGTG-1-SMMl-3.138P,SMM,1
CGTTGGGTCCTCAATT-1-SMMh-4.138P,SMM,1
AGCGTCGGTGATGTGG-1-SMMh-5.138P,SMM,1
GCGCAACGTTATCACG-1-SMMh-4.138P,SMM,1
TGCTGCTAGACAAGCC-1-SMMl-2.138P,SMM,1
GTATTCTAGGTAGCCA-1-SMMh-6.138P,SMM,1
AAGTCTGAGATACACA-1-SMMh-6.138P,SMM,1
TGGACGCGTAAGAGGA-1-SMMl-2.138P,SMM,1
ACGCCAGTCGCGTAGC-1-SMMl-1.138P,SMM,1
GAGCAGACAATTCCTT-1-SMMh-6.138P,SMM,1
CGTGTAAAGTTGTCGT-1-SMMl-2.138P,SMM,1
AGAGCTTGTCAGAAGC-1-SMMh-6.138P,SMM,1
CAGTAACGTCATACTG-1-SMMh-3.138P,SMM,1
AGAGTGGTCATCGGAT-1-SMMl-2.138P,SMM,1
GTGGGTCAGGGATACC-1-SMMh-3.138P,SMM,1
TTTATGCCATCCCATC-1-SMMh-5.138P,SMM,1
GTTTCTACAAACGTGG-1-SMMh-4.138P,SMM,1
CACCTTGGTATTAGCC-1-SMMh-5.138P,SMM,1
ACGCCAGTCCTACAGA-1-SMMh-4.138P,SMM,1
ATTACTCTCTTGTTTG-1-SMMl-3.138P,SMM,1
TTGGAACTCAAACCAC-1-SMMl-2.138P,SMM,1
CTCTGGTCAACTGGCC-1-SMMl-2.138P,SMM,1
CTACATTTCACGAAGG-1-SMMh-4.138P,SMM,1
AAATGCCTCCTCTAGC-1-SMMh-6.138P,SMM,1
TGGCTGGGTCAAAGAT-1-SMMh-3.138P,SMM,1
GCGACCAGTGTGACGA-1-SMMh-9.138P,SMM,1
CATCGGGTCCCAAGTA-1-SMMh-10.138P,SMM,1
CCGTGGAGTCTTGCGG-1-SMMh-6.138P,SMM,1
TAAGTGCGTGGAAAGA-1-SMMh-4.138P,SMM,1
GATCGCGAGGGCACTA-1-SMMh-3.138P,SMM,1
TGAAAGAAGATGCCTT-1-SMMh-6.138P,SMM,1
GGACGTCAGAAGGTGA-1-SMMh-4.138P,SMM,1
AGAGCTTGTGCAACTT-1-SMMh-4.138P,SMM,1
CATATTCGTGATAAAC-1-SMMh-3.138P,SMM,1
TCGAGGCGTAGCTAAA-1-SMMh-1.138P,SMM,1
CGACTTCTCACAACGT-1-SMMl-2.138P,SMM,1
TCAGGTACAGACAAAT-1-SMMl-2.138P,SMM,1
TCCACACGTGTGCCTG-1-SMMh-5.138P,SMM,1
TGGGAAGGTTGCCTCT-1-SMMh-10.138P,SMM,1
CGTGTCTAGTTGAGTA-1-SMMh-3.138P,SMM,1
TTTGGTTCACTGTCGG-1-SMMh-6.138P,SMM,1
GCGCCAAGTTACCGAT-1-SMMh-10.138P,SMM,1
GGGCACTAGAACAATC-1-SMMl-2.138P,SMM,1
TTGGAACAGCTAACTC-1-SMMh-5.138P,SMM,1
GACTAACTCAACGGCC-1-SMMh-6.138P,SMM,1
TAGAGCTAGTAGATGT-1-SMMh-4.138P,SMM,1
CACAGGCTCCTCAATT-1-SMMh-4.138P,SMM,1
CAAGGCCCACCCAGTG-1-SMMh-6.138P,SMM,1
CCCAATCTCCGTAGGC-1-SMMl-2.138P,SMM,1
GGACAAGTCGCCTGAG-1-SMMh-9.138P,SMM,1
CGATTGAGTCTTCAAG-1-SMMh-3.138P,SMM,1
TGTCCCAAGTGCGATG-1-SMMh-3.138P,SMM,1
CTCAGAAGTAGATTAG-1-SMMh-4.138P,SMM,1
GTGAAGGTCTCTTGAT-1-SMMh-5.138P,SMM,1
CATCGAACATTCTTAC-1-SMMh-6.138P,SMM,1
AACCATGCAAACCTAC-1-SMMl-2.138P,SMM,1
TACGGATGTTGGGACA-1-SMMh-3.138P,SMM,1
TTTGTCAGTATAGGGC-1-SMMl-2.138P,SMM,1
GAGTCCGCACGCATCG-1-SMMh-6.138P,SMM,1
GTGTTAGCAGTCGTGC-1-SMMh-5.138P,SMM,1
TTTATGCTCGGTTCGG-1-SMMh-5.138P,SMM,1
TGACAACTCTTCTGGC-1-SMMl-3.138P,SMM,1
GGAAAGCGTGGCAAAC-1-SMMl-2.138P,SMM,1
AACTCCCTCAAACCAC-1-SMMl-2.138P,SMM,1
TTAGGCACACTCAGGC-1-SMMh-6.138P,SMM,1
CGCGTTTGTATCGCAT-1-SMMl-2.138P,SMM,1
ATCTACTGTCGGATCC-1-SMMh-3.138P,SMM,1
GACGCGTGTCTAGAGG-1-SMMh-6.138P,SMM,1
GGAAAGCTCAGAGACG-1-SMMh-4.138P,SMM,1
TCGAGGCGTCTTCTCG-1-SMMh-4.138P,SMM,1
CATATGGCAAGGGTCA-1-SMMh-3.138P,SMM,1
CACAGTATCTATCCCG-1-SMMl-2.138P,SMM,1
CCCAATCCATCGATGT-1-SMMl-2.138P,SMM,1
GTAACGTTCAGCGATT-1-SMMh-3.138P,SMM,1
GTGCAGCTCGTGGGAA-1-SMMh-3.138P,SMM,1
AGATTGCTCTGACCTC-1-SMMh-2.138P,SMM,1
CGTTAGACATATGGTC-1-SMMh-6.138P,SMM,1
GACTACAGTGCACGAA-1-SMMh-4.138P,SMM,1
TCAATCTAGTCAAGGC-1-SMMh-3.138P,SMM,1
TATGCCCAGAGCAATT-1-SMMh-4.138P,SMM,1
GGACATTGTTAGGGTG-1-SMMl-2.138P,SMM,1
AGGGATGAGTGGGTTG-1-SMMl-2.138P,SMM,1
TGACAACCAGGCGATA-1-SMMl-2.138P,SMM,1
TTAGGCAGTTATCACG-1-SMMh-6.138P,SMM,1
AAAGCAACAACGCACC-1-SMMl-2.138P,SMM,1
GTACGTAGTGTTTGGT-1-SMMh-4.138P,SMM,1
ACACCAAAGTTGAGTA-1-SMMl-3.138P,SMM,1
TTAGGCATCGTTTATC-1-SMMh-3.138P,SMM,1
TACGGTATCTCAACTT-1-SMMh-3.138P,SMM,1
TGAAAGAAGTTGAGTA-1-SMMl-3.138P,SMM,1
GTCTTCGGTCTCTCGT-1-SMMh-4.138P,SMM,1
CACACCTGTAAAGGAG-1-SMMh-4.138P,SMM,1
GATCGATAGCTAGTTC-1-SMMh-4.138P,SMM,1
CGAACATTCAGCAACT-1-SMMl-2.138P,SMM,1
GGAAAGCTCGACAGCC-1-SMMh-6.138P,SMM,1
CTGTTTAGTTAGTGGG-1-SMMh-4.138P,SMM,1
CCGTGGAAGTACGCCC-1-SMMh-10.138P,SMM,1
GTGCTTCTCGGCTTGG-1-SMMh-10.138P,SMM,1
TCATTTGGTATTCTCT-1-SMMh-4.138P,SMM,1
CAACCAAGTGAGTGAC-1-SMMh-4.138P,SMM,1
CGCTTCATCAACCAAC-1-SMMh-6.138P,SMM,1
ACATCAGGTCCGAAGA-1-SMMh-3.138P,SMM,1
GTCACGGTCCACGCAG-1-SMMl-3.138P,SMM,1
TGACGGCGTGCTGTAT-1-SMMl-2.138P,SMM,1
AGCGTATAGACGCAAC-1-SMMh-4.138P,SMM,1
GTTAAGCTCCTTGACC-1-SMMl-2.138P,SMM,1
TTCGGTCCAGATAATG-1-SMMh-3.138P,SMM,1
CTGTTTACATTACGAC-1-SMMh-4.138P,SMM,1
AGCTCCTCATGCCACG-1-SMMl-2.138P,SMM,1
TCTGGAATCAAACCGT-1-SMMh-6.138P,SMM,1
CACACTCTCCGCAAGC-1-SMMh-4.138P,SMM,1
CTAACTTTCCGGCACA-1-SMMh-3.138P,SMM,1
CTCGGAGTCCCTAATT-1-SMMh-6.138P,SMM,1
AAGCCGCAGGTGCACA-1-SMMh-6.138P,SMM,1
AGCTTGATCAACACAC-1-SMMh-3.138P,SMM,1
CATGCCTAGATGTAAC-1-SMMh-4.138P,SMM,1
CACCAGGAGCTGCAAG-1-SMMh-3.138P,SMM,1
TAGTTGGGTCATGCCG-1-SMMh-3.138P,SMM,1
TACACGATCAGCGACC-1-SMMh-4.138P,SMM,1
GTCATTTTCGCGGATC-1-SMMh-4.138P,SMM,1
ATCATCTGTGCAGGTA-1-SMMh-1.138P,SMM,1
CTAGCCTCACTCAGGC-1-SMMl-3.138P,SMM,1
CTCGGAGAGGTTCCTA-1-SMMl-3.138P,SMM,1
CGTGTAAAGAGTAAGG-1-SMMh-5.138P,SMM,1
GAGGTGACAAGTTCTG-1-SMMh-4.138P,SMM,1
CTCACACGTAGATTAG-1-SMMl-2.138P,SMM,1
CATCGAACAGGGTACA-1-SMMl-2.138P,SMM,1
ACATCAGGTAGGAGTC-1-SMMh-3.138P,SMM,1
CCGTTCAAGCGGATCA-1-SMMh-4.138P,SMM,1
TCACGAAGTTCGAATC-1-SMMh-4.138P,SMM,1
GGTGTTAAGCCCTAAT-1-SMMh-4.138P,SMM,1
ATCACGACAATGGACG-1-SMMl-3.138P,SMM,1
TTCGAAGTCCTTTCTC-1-SMMh-6.138P,SMM,1
GTCTCGTGTGAGGGAG-1-SMMh-4.138P,SMM,1
CGTAGCGCAAACGCGA-1-SMMh-6.138P,SMM,1
CGGGTCAGTTTCCACC-1-SMMh-5.138P,SMM,1
GGCAATTCACTTCTGC-1-SMMh-6.138P,SMM,1
TGCGCAGGTGACAAAT-1-SMMl-1.138P,SMM,1
CTCGGAGAGCGCTCCA-1-SMMl-2.138P,SMM,1
GCAATCACATCTCGCT-1-SMMh-9.138P,SMM,1
ACGCCAGAGATGCCTT-1-SMMh-4.138P,SMM,1
TTGGCAAAGTAATCCC-1-SMMh-6.138P,SMM,1
CTCACACAGTTGTCGT-1-SMMl-3.138P,SMM,1
GCGCAACGTCTTCGTC-1-SMMh-4.138P,SMM,1
CGTCAGGCAATCCGAT-1-SMMh-4.138P,SMM,1
GTTCGGGAGGATCGCA-1-SMMh-6.138P,SMM,1
CTAACTTTCTTAGAGC-1-SMMl-2.138P,SMM,1
GGGCATCGTTTGTGTG-1-SMMh-4.138P,SMM,1
TATTACCGTAGTAGTA-1-SMMl-3.138P,SMM,1
AGGCCGTAGGGATACC-1-SMMl-2.138P,SMM,1
GCAAACTAGAAGGACA-1-SMMh-3.138P,SMM,1
CAACCAACATGGTAGG-1-SMMh-6.138P,SMM,1
GAACGGAGTGCGATAG-1-SMMh-1.138P,SMM,1
ATGGGAGCAAGTCATC-1-SMMh-3.138P,SMM,1
GATCAGTTCGTTTAGG-1-SMMl-1.138P,SMM,1
TCTCATATCCCATTAT-1-SMMh-6.138P,SMM,1
CATCAAGCATGTTGAC-1-SMMh-9.138P,SMM,1
GTTACAGAGACTCGGA-1-SMMh-3.138P,SMM,1
AACTCCCAGCAGGCTA-1-SMMl-1.138P,SMM,1
AAGGCAGAGGCTCTTA-1-SMMl-1.138P,SMM,1
ATCCGAAAGGCCCTTG-1-SMMh-5.138P,SMM,1
GTCACAAGTGCAACTT-1-SMMl-3.138P,SMM,1
AGTAGTCGTAGTAGTA-1-SMMh-6.138P,SMM,1
GACGTTATCAAGGTAA-1-SMMh-3.138P,SMM,1
TTAGGCAAGTGTACTC-1-SMMh-4.138P,SMM,1
ACGGGTCTCTTGCAAG-1-SMMh-4.138P,SMM,1
GAGCAGAGTGTCCTCT-1-SMMh-1.138P,SMM,1
CACCACTAGCTGCGAA-1-SMMh-6.138P,SMM,1
TGAAAGAGTGTCAATC-1-SMMh-5.138P,SMM,1
ACGCCGAGTTGTTTGG-1-SMMh-3.138P,SMM,1
TGCCAAACAAGGCTCC-1-SMMh-3.138P,SMM,1
GTGCATATCTGCGACG-1-SMMh-4.138P,SMM,1
AACTCCCTCGTTTATC-1-SMMh-6.138P,SMM,1
GACCAATAGGAGTCTG-1-SMMh-5.138P,SMM,1
AGTGAGGCATCCAACA-1-SMMh-4.138P,SMM,1
ACATCAGTCCTACAGA-1-SMMl-2.138P,SMM,1
CTAATGGAGATCACGG-1-SMMh-3.138P,SMM,1
CTGAAACGTAGCGTCC-1-SMMh-4.138P,SMM,1
ACTTGTTGTGATGATA-1-SMMh-4.138P,SMM,1
GCACTCTTCAACACCA-1-SMMh-6.138P,SMM,1
GTGCTTCCAGCTTAAC-1-SMMh-4.138P,SMM,1
CACAAACGTCCGCTGA-1-SMMl-2.138P,SMM,1
GGGTTGCCAGCCACCA-1-SMMh-4.138P,SMM,1
TACTCATAGTGATCGG-1-SMMh-4.138P,SMM,1
TTAGTTCGTAGTGAAT-1-SMMh-4.138P,SMM,1
CGAACATTCGAGAGCA-1-SMMh-3.138P,SMM,1
CGAACATCAATCACAC-1-SMMh-4.138P,SMM,1
GATCGTAGTCTGGTCG-1-SMMl-1.138P,SMM,1
ATCATCTTCACGCATA-1-SMMh-3.138P,SMM,1
AGAGCGAAGGCCCGTT-1-SMMh-6.138P,SMM,1
TAGAGCTAGAAACCAT-1-SMMh-4.138P,SMM,1
AACTCTTAGCGATGAC-1-SMMh-4.138P,SMM,1
ACCAGTAAGCCAGAAC-1-SMMh-4.138P,SMM,1
CCAGCGATCATGTCTT-1-SMMh-3.138P,SMM,1
ATTGGACTCCTTAATC-1-SMMh-3.138P,SMM,1
ACACCCTGTTCTGTTT-1-SMMh-10.138P,SMM,1
CGGACGTGTTGGGACA-1-SMMl-2.138P,SMM,1
CGGACTGTCCCAAGTA-1-SMMl-2.138P,SMM,1
ATCATGGGTGCCTGCA-1-SMMh-4.138P,SMM,1
GTCATTTTCAGCATGT-1-SMMh-4.138P,SMM,1
AGAGTGGGTAGTAGTA-1-SMMh-3.138P,SMM,1
GAGGTGACAATGGACG-1-SMMh-6.138P,SMM,1
GCATGTAGTATAAACG-1-SMMl-2.138P,SMM,1
TGACGGCGTATCAGTC-1-SMMh-6.138P,SMM,1
AGGGAGTGTGGCGAAT-1-SMMl-3.138P,SMM,1
GTAGTCAAGACAATAC-1-SMMl-2.138P,SMM,1
GACGTGCGTGGAAAGA-1-SMMl-3.138P,SMM,1
ATCTGCCCACGTCTCT-1-SMMh-4.138P,SMM,1
TGCCCTACAAAGTGCG-1-SMMl-1.138P,SMM,1
CATCGGGGTCAATGTC-1-SMMh-3.138P,SMM,1
GTCTTCGAGGAGTTTA-1-SMMh-5.138P,SMM,1
CGTAGGCAGGTGCTTT-1-SMMl-2.138P,SMM,1
GCATGATTCAAGCCTA-1-SMMl-2.138P,SMM,1
GATGCTAAGGGTATCG-1-SMMh-5.138P,SMM,1
TCGCGTTCAGCCTGTG-1-SMMh-3.138P,SMM,1
GTGAAGGTCTTTACGT-1-SMMh-10.138P,SMM,1
ATCTGCCGTGATGCCC-1-SMMl-2.138P,SMM,1
CACAAACGTGCAGTAG-1-SMMh-3.138P,SMM,1
CAGATCACACGCTTTC-1-SMMh-4.138P,SMM,1
ACCCACTCACGCTTTC-1-SMMl-2.138P,SMM,1
CGTGTCTCAAGGCTCC-1-SMMl-1.138P,SMM,1
TAGGCATTCAGTTCGA-1-SMMh-6.138P,SMM,1
CCCTCCTAGAGGTTAT-1-SMMh-3.138P,SMM,1
TTCTTAGAGGAGCGTT-1-SMMh-3.138P,SMM,1
ACACCAATCCATTCTA-1-SMMl-1.138P,SMM,1
GCTGCAGGTACCAGTT-1-SMMl-2.138P,SMM,1
TGGTTCCTCGGAGCAA-1-SMMh-8.138P,SMM,1
ACTATCTAGCTCTCGG-1-SMMh-5.138P,SMM,1
GGAACTTCAGACAAGC-1-SMMh-3.138P,SMM,1
TGCTGCTCAGAAGCAC-1-SMMl-2.138P,SMM,1
TTAGGCAAGCACGCCT-1-SMMh-10.138P,SMM,1
CACCAGGGTGTAAGTA-1-SMMh-6.138P,SMM,1
CTCGTACAGCCACGCT-1-SMMh-4.138P,SMM,1
CAGCCGATCCGCTGTT-1-SMMh-3.138P,SMM,1
GATGAAATCGCATGGC-1-SMMl-1.138P,SMM,1
TCTTTCCTCGTAGGTT-1-SMMl-2.138P,SMM,1
AGTGGGATCATCGCTC-1-SMMh-3.138P,SMM,1
AGCGTATTCCATGCTC-1-SMMl-2.138P,SMM,1
AGAATAGCATCCAACA-1-SMMl-1.138P,SMM,1
CAGCGACGTAATTGGA-1-SMMl-1.138P,SMM,1
GGCTCGAGTAGATTAG-1-SMMh-5.138P,SMM,1
GACAGAGCAATGCCAT-1-SMMh-3.138P,SMM,1
CAAGATCGTAATCGTC-1-SMMl-2.138P,SMM,1
CATCGGGTCAGGTTCA-1-SMMh-3.138P,SMM,1
TAAGTGCAGTGGCACA-1-SMMh-8.138P,SMM,1
TCAACGACAAGAAAGG-1-SMMh-6.138P,SMM,1
GATGCTAAGCCTATGT-1-SMMh-3.138P,SMM,1
GTCTCGTGTCTGCGGT-1-SMMl-2.138P,SMM,1
GTTAAGCTCCCGACTT-1-SMMh-4.138P,SMM,1
GAACCTAGTGTGAATA-1-SMMl-3.138P,SMM,1
TCTGAGACAAGCGAGT-1-SMMh-5.138P,SMM,1
CTGCGGATCGCAAACT-1-SMMl-2.138P,SMM,1
CTCGAAAGTAGTGAAT-1-SMMh-3.138P,SMM,1
ATGAGGGAGTCCATAC-1-SMMh-10.138P,SMM,1
TGGTTAGTCCGCGTTT-1-SMMh-5.138P,SMM,1
CGTGAGCCACATAACC-1-SMMl-1.138P,SMM,1
CCATTCGTCCAATGGT-1-SMMh-4.138P,SMM,1
CATATGGCAGCATACT-1-SMMl-1.138P,SMM,1
GAAACTCTCAGTTCGA-1-SMMh-6.138P,SMM,1
TGCACCTGTTCTGGTA-1-SMMh-4.138P,SMM,1
AAGGTTCTCCAGTAGT-1-SMMl-1.138P,SMM,1
ACTTGTTTCCTTCAAT-1-SMMh-4.138P,SMM,1
TAGACCATCAGGCCCA-1-SMMh-6.138P,SMM,1
TCTTTCCGTGAGTGAC-1-SMMh-3.138P,SMM,1
CGAACATCAGTAAGAT-1-SMMl-2.138P,SMM,1
AGTCTTTAGGCCCTCA-1-SMMh-6.138P,SMM,1
TACTCGCCAGGCAGTA-1-SMMh-3.138P,SMM,1
GGTGTTACAGTAAGCG-1-SMMh-3.138P,SMM,1
TATGCCCGTCCGCTGA-1-SMMh-4.138P,SMM,1
GCACTCTCACACGCTG-1-SMMl-2.138P,SMM,1
CGAGAAGGTTATGTGC-1-SMMh-4.138P,SMM,1
AAAGCAAGTCGCGGTT-1-SMMl-2.138P,SMM,1
GATGCTAAGCCCGAAA-1-SMMh-2.138P,SMM,1
AGAGCGATCGGGAGTA-1-SMMh-5.138P,SMM,1
GACTGCGAGTCGTTTG-1-SMMh-4.138P,SMM,1
CACCACTTCTGAAAGA-1-SMMl-2.138P,SMM,1
TCTCTAAAGTACATGA-1-SMMh-4.138P,SMM,1
AACCGCGAGCCAGTTT-1-SMMh-4.138P,SMM,1
CGTGAGCCATCGATGT-1-SMMh-6.138P,SMM,1
AAGGCAGAGCTCCTTC-1-SMMl-2.138P,SMM,1
TACCTTAGTCCTAGCG-1-SMMl-2.138P,SMM,1
TCAATCTGTGTGCCTG-1-SMMh-6.138P,SMM,1
GTCGTAAGTCTCCATC-1-SMMl-2.138P,SMM,1
ACACCCTAGTTGAGTA-1-SMMh-4.138P,SMM,1
TCATTACCAGGGATTG-1-SMMl-2.138P,SMM,1
CGCTATCGTCCGACGT-1-SMMh-4.138P,SMM,1
CGTGAGCGTGTAAGTA-1-SMMl-2.138P,SMM,1
AGACGTTAGTCGATAA-1-SMMh-4.138P,SMM,1
GCACATAAGCGTGAAC-1-SMMh-4.138P,SMM,1
TAGCCGGAGGCTCAGA-1-SMMl-3.138P,SMM,1
AGTGAGGCACAGCGTC-1-SMMh-3.138P,SMM,1
CAGCGACAGTTGTCGT-1-SMMh-4.138P,SMM,1
GACCTGGGTTGTCTTT-1-SMMh-6.138P,SMM,1
AGTTGGTGTGGTACAG-1-SMMh-5.138P,SMM,1
GGCGTGTCACACCGCA-1-SMMl-2.138P,SMM,1
TCGTAGAAGAGCAATT-1-SMMh-4.138P,SMM,1
CTCACACGTTGCGCAC-1-SMMh-4.138P,SMM,1
TTCTTAGGTTTCGCTC-1-SMMl-3.138P,SMM,1
ACGGAGACAGCCTTTC-1-SMMl-3.138P,SMM,1
ATGAGGGTCGTTGCCT-1-SMMh-4.138P,SMM,1
TGACTTTAGATGGGTC-1-SMMl-2.138P,SMM,1
CTGAAGTAGGCTCTTA-1-SMMh-3.138P,SMM,1
CTAACTTCAAGCTGGA-1-SMMh-3.138P,SMM,1
CTAGAGTCAATCAGAA-1-SMMh-5.138P,SMM,1
TGACAACAGCGGCTTC-1-SMMl-2.138P,SMM,1
TGTGGTATCGTCCAGG-1-SMMl-2.138P,SMM,1
GTTACAGGTCGCCATG-1-SMMl-2.138P,SMM,1
CACCAGGGTCTAACGT-1-SMMh-6.138P,SMM,1
GGGTCTGAGTGGGCTA-1-SMMh-6.138P,SMM,1
TTCTACAAGTCAATAG-1-SMMl-2.138P,SMM,1
CAGAGAGCAGGTGCCT-1-SMMl-1.138P,SMM,1
CTACATTAGGAGTTTA-1-SMMl-1.138P,SMM,1
GGCAATTAGGCACATG-1-SMMh-3.138P,SMM,1
ACCCACTGTTAAGACA-1-SMMh-6.138P,SMM,1
CAGTAACGTATAGTAG-1-SMMh-4.138P,SMM,1
TGGCCAGAGTTCCACA-1-SMMl-1.138P,SMM,1
CATTATCAGTGCCAGA-1-SMMl-2.138P,SMM,1
GGGACCTAGAACAACT-1-SMMl-2.138P,SMM,1
CGCTTCAAGGATGGTC-1-SMMh-4.138P,SMM,1
ATCCGAAAGGCCCTTG-1-SMMh-6.138P,SMM,1
GTCGGGTAGCAGATCG-1-SMMh-1.138P,SMM,1
CCTAGCTTCTTCTGGC-1-SMMl-2.138P,SMM,1
ACACTGATCGGATGGA-1-SMMh-6.138P,SMM,1
CTCTAATTCATCGATG-1-SMMh-4.138P,SMM,1
AGCGTCGAGCAAATCA-1-SMMh-4.138P,SMM,1
CGTCTACGTCATACTG-1-SMMh-10.138P,SMM,1
GGCGTGTCATGGTCTA-1-SMMl-2.138P,SMM,1
AACCGCGAGGACATTA-1-SMMl-2.138P,SMM,1
TTTACTGTCTGCCCTA-1-SMMh-5.138P,SMM,1
CATTCGCAGTGTTAGA-1-SMMl-2.138P,SMM,1
CACAGTAGTAAGAGGA-1-SMMh-4.138P,SMM,1
CGTAGGCTCATCATTC-1-SMMh-6.138P,SMM,1
CCTACACAGCCTTGAT-1-SMMl-2.138P,SMM,1
CTCGAAAAGACAGACC-1-SMMh-6.138P,SMM,1
GCATGCGTCTACGAGT-1-SMMh-1.138P,SMM,1
ACGCCAGAGACACGAC-1-SMMh-3.138P,SMM,1
CATGCCTAGTCGAGTG-1-SMMh-5.138P,SMM,1
CTGCCTATCAACGGCC-1-SMMh-6.138P,SMM,1
TCTTCGGTCCCAAGAT-1-SMMh-4.138P,SMM,1
GCATACAGTGACTACT-1-SMMh-6.138P,SMM,1
TTGCGTCGTAGGAGTC-1-SMMl-1.138P,SMM,1
GGCCGATCAGCCTTTC-1-SMMl-2.138P,SMM,1
CTCGAAATCGCACTCT-1-SMMh-6.138P,SMM,1
GAATAAGAGTACGTAA-1-SMMh-4.138P,SMM,1
GTTCATTAGTAGGTGC-1-SMMh-4.138P,SMM,1
CCATGTCAGCTCTCGG-1-SMMh-4.138P,SMM,1
AAGGCAGAGATGTAAC-1-SMMl-3.138P,SMM,1
GAACATCCAGTTAACC-1-SMMh-10.138P,SMM,1
GTTTCTAAGAAAGTGG-1-SMMh-1.138P,SMM,1
CAAGTTGAGCGCTTAT-1-SMMh-3.138P,SMM,1
CATCAAGAGGCTCTTA-1-SMMl-1.138P,SMM,1
ACGTCAATCACCGTAA-1-SMMh-4.138P,SMM,1
AGCTCCTCATGATCCA-1-SMMl-2.138P,SMM,1
GGGTTGCCAGCGTTCG-1-SMMh-4.138P,SMM,1
TGCCCATAGACAAAGG-1-SMMh-3.138P,SMM,1
CTTGGCTCACATTCGA-1-SMMh-6.138P,SMM,1
CAGTCCTCAAAGGAAG-1-SMMh-3.138P,SMM,1
ACTGTCCAGTGTTGAA-1-SMMh-10.138P,SMM,1
CCACCTACACTTCGAA-1-SMMh-4.138P,SMM,1
AGTGAGGGTGGTAACG-1-SMMh-4.138P,SMM,1
GATGAGGAGAGTCGGT-1-SMMh-6.138P,SMM,1
ACTGCTCCATCACGAT-1-SMMl-2.138P,SMM,1
GGAATAATCCAAAGTC-1-SMMh-3.138P,SMM,1
CCACCTAGTAATAGCA-1-SMMl-2.138P,SMM,1
CCCATACGTAATCGTC-1-SMMh-6.138P,SMM,1
CACTCCATCAACACAC-1-SMMh-4.138P,SMM,1
ACCAGTAGTGGTAACG-1-SMMh-4.138P,SMM,1
GGAAAGCTCGAGGTAG-1-SMMh-4.138P,SMM,1
TCTATTGGTCTAGCCG-1-SMMl-2.138P,SMM,1
CCAATCCAGCTAGCCC-1-SMMh-10.138P,SMM,1
GGCAATTAGTCCGGTC-1-SMMh-8.138P,SMM,1
GTAACTGAGCGTAGTG-1-SMMl-2.138P,SMM,1
CTCCTAGAGCTGCCCA-1-SMMh-5.138P,SMM,1
ATGCGATCAGGATCGA-1-SMMl-2.138P,SMM,1
TACTTGTAGGAACTGC-1-SMMh-5.138P,SMM,1
ACTATCTAGCGAAGGG-1-SMMh-4.138P,SMM,1
GTCACAAAGGAATTAC-1-SMMh-6.138P,SMM,1
CTGCCTATCATGCTCC-1-SMMh-5.138P,SMM,1
GCTGGGTGTACATGTC-1-SMMh-6.138P,SMM,1
CTCAGAAGTGACCAAG-1-SMMh-6.138P,SMM,1
CATGACATCTAACTTC-1-SMMl-2.138P,SMM,1
TCGCGAGAGGACAGCT-1-SMMh-6.138P,SMM,1
TCGGTAATCCCGGATG-1-SMMh-10.138P,SMM,1
TCACAAGTCCCAAGAT-1-SMMh-4.138P,SMM,1
CGATTGAGTAGAGGAA-1-SMMh-9.138P,SMM,1
GTCCTCATCACAGTAC-1-SMMh-8.138P,SMM,1
GACGCGTTCCGATATG-1-SMMl-2.138P,SMM,1
ACTATCTCACATTTCT-1-SMMl-2.138P,SMM,1
AACTTTCGTCTTGATG-1-SMMh-4.138P,SMM,1
CCCAGTTTCACAGTAC-1-SMMl-1.138P,SMM,1
TTCTACATCCAACCAA-1-SMMh-3.138P,SMM,1
AACTCAGTCAAGGCTT-1-SMMh-3.138P,SMM,1
CACAGGCCAAGTACCT-1-SMMh-4.138P,SMM,1
TTGTAGGAGTCGTTTG-1-SMMl-2.138P,SMM,1
GGCTGGTAGATGCCTT-1-SMMh-5.138P,SMM,1
AGGTCATGTCACTGGC-1-SMMh-4.138P,SMM,1
GGTGTTAGTACGACCC-1-SMMh-6.138P,SMM,1
ACACCGGCACAGGAGT-1-SMMh-6.138P,SMM,1
TACTCATAGTTATCGC-1-SMMh-3.138P,SMM,1
TGAGGGACAAGGACAC-1-SMMl-3.138P,SMM,1
GTGTGCGTCGGCTTGG-1-SMMh-6.138P,SMM,1
CGGAGCTGTTCGTGAT-1-SMMh-6.138P,SMM,1
CTAAGACAGCCACGTC-1-SMMh-4.138P,SMM,1
TGGTTCCGTCTAGCCG-1-SMMl-2.138P,SMM,1
CACACTCAGATATGGT-1-SMMh-10.138P,SMM,1
CAGCTGGGTACATCCA-1-SMMh-6.138P,SMM,1
ACTTGTTTCGCAGGCT-1-SMMh-5.138P,SMM,1
TTATGCTAGTACTTGC-1-SMMh-4.138P,SMM,1
CCTCTGAGTTCTGAAC-1-SMMh-1.138P,SMM,1
TGCTACCTCCCTAACC-1-SMMh-5.138P,SMM,1
GATCGTAAGGCCGAAT-1-SMMh-6.138P,SMM,1
CTACGTCAGAGGACGG-1-SMMh-5.138P,SMM,1
CACAGGCCAAATACAG-1-SMMl-2.138P,SMM,1
GCAGCCACAATGAATG-1-SMMl-2.138P,SMM,1
GAAATGAAGCGTTGCC-1-SMMh-6.138P,SMM,1
TGGTTCCCATCTATGG-1-SMMl-1.138P,SMM,1
GTACTCCTCTGATACG-1-SMMl-2.138P,SMM,1
TGAGGGACACGGACAA-1-SMMh-4.138P,SMM,1
CCTAAAGGTCTTGTCC-1-SMMh-6.138P,SMM,1
GGACAGATCGGTTAAC-1-SMMl-2.138P,SMM,1
CTGTGCTTCTGGAGCC-1-SMMh-4.138P,SMM,1
AGTAGTCTCAGGCAAG-1-SMMh-5.138P,SMM,1
ACCGTAAGTTACGTCA-1-SMMh-4.138P,SMM,1
TCTTTCCAGGAGCGAG-1-SMMh-5.138P,SMM,1
CATTATCGTAGGCATG-1-SMMh-9.138P,SMM,1
CGGACTGGTAATCGTC-1-SMMh-6.138P,SMM,1
GCAAACTGTAATCGTC-1-SMMh-4.138P,SMM,1
CTGTGCTTCCCAAGAT-1-SMMl-2.138P,SMM,1
AGGCCGTTCGATCCCT-1-SMMh-5.138P,SMM,1
CAGCAGCGTCGGATCC-1-SMMl-2.138P,SMM,1
TGCCAAAGTAATCACC-1-SMMl-2.138P,SMM,1
GCGACCACACTCAGGC-1-SMMh-6.138P,SMM,1
AACTTTCGTGCAACTT-1-SMMh-6.138P,SMM,1
CATCCACCAGGCTCAC-1-SMMl-2.138P,SMM,1
CATCAAGAGTTAAGTG-1-SMMl-2.138P,SMM,1
GTGCATAAGAGTACAT-1-SMMh-3.138P,SMM,1
CTCGAGGTCACGCGGT-1-SMMh-5.138P,SMM,1
CGCCAAGGTAAGAGGA-1-SMMh-5.138P,SMM,1
CGTTCTGGTGATAAGT-1-SMMl-2.138P,SMM,1
AGGTCCGTCACGAAGG-1-SMMl-3.138P,SMM,1
CTAAGACTCTCGATGA-1-SMMh-4.138P,SMM,1
GTTCGGGAGAGGTAGA-1-SMMh-4.138P,SMM,1
TCCACACGTCAGCTAT-1-SMMh-4.138P,SMM,1
TGCCCTAGTGATGCCC-1-SMMh-3.138P,SMM,1
AGATCTGGTGTTCTTT-1-SMMh-4.138P,SMM,1
TGCTACCTCTGAGGGA-1-SMMh-4.138P,SMM,1
CACTCCAAGGCTAGCA-1-SMMl-2.138P,SMM,1
GGAACTTAGCACCGTC-1-SMMl-2.138P,SMM,1
GCGCAACAGAAACCTA-1-SMMh-6.138P,SMM,1
TCAGCAACACCGTTGG-1-SMMh-6.138P,SMM,1
CAGGTGCTCATTTGGG-1-SMMh-5.138P,SMM,1
TCGTAGATCCGGGTGT-1-SMMh-5.138P,SMM,1
TCGTAGATCGCCATAA-1-SMMh-5.138P,SMM,1
TAAGAGACAAACTGTC-1-SMMh-3.138P,SMM,1
GCAAACTCACAAGACG-1-SMMh-3.138P,SMM,1
CCTTTCTTCACCGTAA-1-SMMh-6.138P,SMM,1
CGACTTCTCTTGTACT-1-SMMh-4.138P,SMM,1
GCCTCTAGTGAGGCTA-1-SMMh-4.138P,SMM,1
TGGACGCCAGACTCGC-1-SMMl-2.138P,SMM,1
TACGGGCGTCTCCATC-1-SMMh-3.138P,SMM,1
CTCACACGTTCGCTAA-1-SMMh-3.138P,SMM,1
AGGGAGTCAATCCAAC-1-SMMh-6.138P,SMM,1
GTGTTAGCAAAGCGGT-1-SMMh-3.138P,SMM,1
CACCAGGGTGCAGGTA-1-SMMh-4.138P,SMM,1
CGTCCATGTCATGCCG-1-SMMl-2.138P,SMM,1
GTGCGGTAGCGTAGTG-1-SMMh-5.138P,SMM,1
CTCGAGGGTATATGAG-1-SMMh-6.138P,SMM,1
AGTGTCAGTCAACATC-1-SMMl-2.138P,SMM,1
AGGGAGTTCAACCAAC-1-SMMl-2.138P,SMM,1
TTGCGTCAGGAGCGTT-1-SMMh-5.138P,SMM,1
AAGTCTGGTTCAGGCC-1-SMMh-6.138P,SMM,1
ACGCAGCTCAGCGACC-1-SMMl-1.138P,SMM,1
ATTCTACGTTGAGGTG-1-SMMh-5.138P,SMM,1
TGCACCTCAGCCAATT-1-SMMh-4.138P,SMM,1
GACGTGCTCGGCTACG-1-SMMh-3.138P,SMM,1
CTGTTTAGTAATCACC-1-SMMh-4.138P,SMM,1
CCCTCCTCAACGCACC-1-SMMh-3.138P,SMM,1
CGCTATCTCTCTTGAT-1-SMMl-2.138P,SMM,1
AGGTCATAGCTGCGAA-1-SMMh-4.138P,SMM,1
AGCATACCAATGGACG-1-SMMh-5.138P,SMM,1
CGTGTCTTCGCTAGCG-1-SMMh-8.138P,SMM,1
ATGCGATGTCTCAACA-1-SMMh-4.138P,SMM,1
ACGGCCATCAAACCGT-1-SMMh-4.138P,SMM,1
TACTCATGTGTCGCTG-1-SMMh-4.138P,SMM,1
GATTCAGAGGGAGTAA-1-SMMh-3.138P,SMM,1
AGGTCCGCAATGGAGC-1-SMMl-2.138P,SMM,1
AGGCCGTCACCAGGCT-1-SMMh-3.138P,SMM,1
AAGTCTGCATACAGCT-1-SMMh-4.138P,SMM,1
CTTAACTGTTTAAGCC-1-SMMh-4.138P,SMM,1
CGTGAGCCAGATCCAT-1-SMMl-2.138P,SMM,1
GTATTCTTCGCGTAGC-1-SMMh-5.138P,SMM,1
AGCTCTCAGAACAATC-1-SMMh-3.138P,SMM,1
AGCGTCGCAATGAATG-1-SMMh-10.138P,SMM,1
GATGAGGCAGATGAGC-1-SMMh-3.138P,SMM,1
GGGATGAAGCGTCTAT-1-SMMh-4.138P,SMM,1
TCTGAGACATACGCTA-1-SMMl-2.138P,SMM,1
GACTGCGCAGCTCGAC-1-SMMl-2.138P,SMM,1
TGCCCATCAGAGTGTG-1-SMMl-2.138P,SMM,1
GAAATGACAAATACAG-1-SMMh-4.138P,SMM,1
CCTACCAAGTTGAGTA-1-SMMh-4.138P,SMM,1
CACAGTAAGCTTCGCG-1-SMMl-2.138P,SMM,1
TTTGCGCTCCGAATGT-1-SMMh-4.138P,SMM,1
AAGTCTGGTCAGTGGA-1-SMMl-2.138P,SMM,1
TCAGGATAGCTGTCTA-1-SMMl-2.138P,SMM,1
GCTTCCAGTGCAGACA-1-SMMl-2.138P,SMM,1
CAAGATCCAGCTATTG-1-SMMl-2.138P,SMM,1
AAACGGGCAGTAAGAT-1-SMMh-5.138P,SMM,1
CCGTTCACAGCGAACA-1-SMMh-3.138P,SMM,1
TAAGTGCAGGACAGAA-1-SMMh-10.138P,SMM,1
CAACTAGTCGGAATCT-1-SMMl-2.138P,SMM,1
TCATTACCACGGTGTC-1-SMMh-5.138P,SMM,1
TCACGAACAATTGCTG-1-SMMl-2.138P,SMM,1
AGGCCGTAGTACATGA-1-SMMh-4.138P,SMM,1
CTACATTGTTCCAACA-1-MM-8.138P,MM,2
GCAGCCAGTAGCTGCC-1-MM-2.138P,MM,2
CCAATCCAGTCATGCT-1-MM-2.138P,MM,2
TAAGTGCTCCAAAGTC-1-MM-2.138P,MM,2
CTTAACTAGCCCTAAT-1-MM-2.138P,MM,2
GCGCAACAGGCAGGTT-1-MM-2.138P,MM,2
CCTTTCTCAGGTCTCG-1-MM-5.138P,MM,2
GAGGTGAAGAGATGAG-1-MM-1.138P,MM,2
TGAGAGGCAAGAAAGG-1-MM-1.138P,MM,2
CATGGCGCATGCTGGC-1-MM-6.138P,MM,2
GATGAAAGTCGATTGT-1-MM-1.138P,MM,2
ATGTGTGCAGGATCGA-1-MM-2.138P,MM,2
GATCTAGAGCCGGTAA-1-MM-1.138P,MM,2
TCTTCGGGTATTCGTG-1-MM-2.138P,MM,2
GTATCTTCACCTCGGA-1-MM-1.138P,MM,2
GCAAACTAGTATCGAA-1-MM-2.138P,MM,2
GTAGGCCAGCAGACTG-1-MM-1.138P,MM,2
GTTACAGGTAAGAGAG-1-MM-3.138P,MM,2
GCTGCTTTCTGATACG-1-MM-2.138P,MM,2
GAACGGAAGTTCGATC-1-MM-1.138P,MM,2
ACCCACTAGAGCTATA-1-MM-5.138P,MM,2
AGGGTGATCCTGTACC-1-MM-1.138P,MM,2
GTACGTATCCGTTGTC-1-MM-2.138P,MM,2
CACCACTTCTAAGCCA-1-MM-2.138P,MM,2
AACTGGTTCCGTAGTA-1-MM-2.138P,MM,2
CTGTGCTAGCCAGTAG-1-MM-2.138P,MM,2
GAAATGATCCTAGAAC-1-MM-5.138P,MM,2
AACCGCGAGGACATTA-1-MM-5.138P,MM,2
TGTATTCGTCCGACGT-1-MM-1.138P,MM,2
TACCTTAGTCCGTTAA-1-MM-2.138P,MM,2
CAACCAACAGCTGCAC-1-MM-5.138P,MM,2
TCGGGACGTATATGGA-1-MM-8.138P,MM,2
TCTCATAAGAGTAATC-1-MM-5.138P,MM,2
ATAGACCGTCTAGCCG-1-MM-6.138P,MM,2
TGAGGGAGTACCCAAT-1-MM-1.138P,MM,2
CCTTCGACAATGAATG-1-MM-6.138P,MM,2
TTTGGTTCATGCAACT-1-MM-8.138P,MM,2
ACTGAACGTGTGGTTT-1-MM-2.138P,MM,2
TAGGCATAGTTAACGA-1-MM-2.138P,MM,2
GTACTTTAGGTGATTA-1-MM-1.138P,MM,2
GAACATCCACGAAGCA-1-MM-1.138P,MM,2
CAGCGACTCCTAGGGC-1-MM-2.138P,MM,2
CGGTTAATCGAACGGA-1-MM-5.138P,MM,2
GAAACTCTCAGTCAGT-1-MM-1.138P,MM,2
CGGACTGTCTGCGGCA-1-MM-1.138P,MM,2
AGGCCACCACCGGAAA-1-MM-6.138P,MM,2
ACTTGTTGTCCGTGAC-1-MM-2.138P,MM,2
CATGGCGGTCTTGCGG-1-MM-2.138P,MM,2
CGGCTAGTCCCAGGTG-1-MM-1.138P,MM,2
GCACTCTAGCTAACAA-1-MM-5.138P,MM,2
CGACCTTTCTGCCAGG-1-MM-1.138P,MM,2
GTGTTAGGTATCTGCA-1-MM-5.138P,MM,2
CTGCCTAAGGCAATTA-1-MM-2.138P,MM,2
TGAAAGATCAGGATCT-1-MM-8.138P,MM,2
TACGGATCAAGAGTCG-1-MM-2.138P,MM,2
ACTTGTTAGCCATCGC-1-MM-2.138P,MM,2
TGCGCAGAGATCGGGT-1-MM-6.138P,MM,2
CGAACATCACCTCGTT-1-MM-6.138P,MM,2
CTTACCGCAGTTTACG-1-MM-2.138P,MM,2
TATTACCGTCTTTCAT-1-MM-1.138P,MM,2
GTATCTTGTCTCCATC-1-MM-2.138P,MM,2
CGATCGGAGCTAACTC-1-MM-2.138P,MM,2
CGTGTAATCTGCAAGT-1-MM-2.138P,MM,2
CTCGTACGTTAAAGAC-1-MM-6.138P,MM,2
GGACAGAGTCGCGAAA-1-MM-6.138P,MM,2
ATCTGCCAGTTCCACA-1-MM-1.138P,MM,2
CGATTGAGTAGGAGTC-1-MM-3.138P,MM,2
ACATCAGAGAGTAATC-1-MM-5.138P,MM,2
TATCAGGCACAGAGGT-1-MM-2.138P,MM,2
GAGGTGAGTTCACGGC-1-MM-3.138P,MM,2
CGTTCTGTCTACCAGA-1-MM-1.138P,MM,2
CTTAACTCATGATCCA-1-MM-3.138P,MM,2
AATCGGTTCCAGTAGT-1-MM-2.138P,MM,2
TGACGGCTCTGCTGCT-1-MM-2.138P,MM,2
TTCCCAGAGTAACCCT-1-MM-2.138P,MM,2
GTACTCCAGGGTTTCT-1-MM-6.138P,MM,2
GTTTCTAGTGACCAAG-1-MM-1.138P,MM,2
CAGCTGGCATGCAATC-1-MM-3.138P,MM,2
ATAACGCCATGACATC-1-MM-2.138P,MM,2
CCGTACTCATCGTCGG-1-MM-1.138P,MM,2
GTGTGCGGTCTACCTC-1-MM-2.138P,MM,2
TACGGATCAATGACCT-1-MM-2.138P,MM,2
CCTAGCTCAAGAGTCG-1-MM-5.138P,MM,2
ATTTCTGTCAGGATCT-1-MM-5.138P,MM,2
TACTCGCCAGGTCCAC-1-MM-5.138P,MM,2
AACTCTTCATGGGACA-1-MM-2.138P,MM,2
CTAGCCTGTCAGTGGA-1-MM-8.138P,MM,2
CTGCGGACACTTCTGC-1-MM-1.138P,MM,2
AACTGGTTCAACACTG-1-MM-4.138P,MM,2
CCCTCCTAGCGTGAGT-1-MM-3.138P,MM,2
CTAGCCTTCTTTAGGG-1-MM-2.138P,MM,2
ATTATCCGTCATATGC-1-MM-4.138P,MM,2
CATGCCTAGATGTTAG-1-MM-1.138P,MM,2
GCGGGTTGTTCAGGCC-1-MM-2.138P,MM,2
GATGAGGCAGCCAATT-1-MM-5.138P,MM,2
TCAATCTGTAATAGCA-1-MM-2.138P,MM,2
AGCGTATAGGCACATG-1-MM-1.138P,MM,2
CTACACCAGTGCTGCC-1-MM-2.138P,MM,2
CGACTTCTCATTGCCC-1-MM-1.138P,MM,2
GCTTCCAGTAAGTGGC-1-MM-8.138P,MM,2
GCATGATCACTAGTAC-1-MM-2.138P,MM,2
ACGCCGATCATCTGCC-1-MM-3.138P,MM,2
GCATACATCCGTACAA-1-MM-8.138P,MM,2
AGGGAGTGTACCAGTT-1-MM-2.138P,MM,2
ATAAGAGTCCTCCTAG-1-MM-2.138P,MM,2
TCAGATGAGCTCCCAG-1-MM-1.138P,MM,2
TGACTTTGTAGAGTGC-1-MM-1.138P,MM,2
AACCGCGCAGCGAACA-1-MM-5.138P,MM,2
GGGTCTGTCACGAAGG-1-MM-1.138P,MM,2
GCGACCAAGACTAAGT-1-MM-2.138P,MM,2
CTCGAGGGTCAACATC-1-MM-5.138P,MM,2
CGTAGGCCAGCTTCGG-1-MM-6.138P,MM,2
CTGTGCTTCTCTGTCG-1-MM-3.138P,MM,2
GAGTCCGTCATGGTCA-1-MM-2.138P,MM,2
GGAACTTTCCAAATGC-1-MM-2.138P,MM,2
AGTGTCAGTCGGATCC-1-MM-8.138P,MM,2
TCCCGATTCATCGATG-1-MM-3.138P,MM,2
CAAGAAACACTTAACG-1-MM-2.138P,MM,2
ACTGTCCCAAGGACTG-1-MM-3.138P,MM,2
CTGATAGGTCAGTGGA-1-MM-1.138P,MM,2
CCCTCCTGTTATCGGT-1-MM-1.138P,MM,2
GGACATTTCGCATGAT-1-MM-2.138P,MM,2
TACAGTGTCACTGGGC-1-MM-5.138P,MM,2
ACACCCTCAGTCGTGC-1-MM-2.138P,MM,2
TCAGGATGTCAGAAGC-1-MM-2.138P,MM,2
AAGCCGCTCGAATGCT-1-MM-6.138P,MM,2
CCGGTAGAGGGCACTA-1-MM-1.138P,MM,2
CATCCACAGTATGACA-1-MM-2.138P,MM,2
ATAAGAGTCGACCAGC-1-MM-5.138P,MM,2
GCACATAGTCAGTGGA-1-MM-2.138P,MM,2
GAGCAGATCTTCAACT-1-MM-1.138P,MM,2
TATGCCCAGCACCGTC-1-MM-6.138P,MM,2
CGTCCATCACATTTCT-1-MM-5.138P,MM,2
CGAGAAGAGACCTTTG-1-MM-6.138P,MM,2
GAACCTAAGAATTCCC-1-MM-1.138P,MM,2
GAACATCGTAAATGAC-1-MM-6.138P,MM,2
CTCATTAGTTCGTGAT-1-MM-1.138P,MM,2
CTACGTCCATTGGTAC-1-MM-1.138P,MM,2
AAAGCAACATCTGGTA-1-MM-1.138P,MM,2
GTGTTAGTCTTCATGT-1-MM-2.138P,MM,2
GTCGTAACACATCCAA-1-MM-2.138P,MM,2
CATATGGCAATGTAAG-1-MM-5.138P,MM,2
CGACTTCCAGCTGCAC-1-MM-1.138P,MM,2
CTCATTAAGGGTGTTG-1-MM-2.138P,MM,2
TGTATTCTCATGTCTT-1-MM-5.138P,MM,2
TAGTGGTAGGCATTGG-1-MM-3.138P,MM,2
CGTCCATAGCGACGTA-1-MM-6.138P,MM,2
GACAGAGTCTATGTGG-1-MM-1.138P,MM,2
TTCGGTCCACATGTGT-1-MM-8.138P,MM,2
AAATGCCGTGTCCTCT-1-MM-2.138P,MM,2
AAAGATGCAAGGTTTC-1-MM-3.138P,MM,2
CTAGCCTGTAAATGTG-1-MM-1.138P,MM,2
AACTCAGTCCCTGACT-1-MM-3.138P,MM,2
TTGCCGTAGGTCATCT-1-MM-5.138P,MM,2
GTACGTACATGTAGTC-1-MM-2.138P,MM,2
GGAACTTAGGCTAGGT-1-MM-2.138P,MM,2
TCATTACGTGTTGAGG-1-MM-7.138P,MM,2
GCATACAAGTAGGCCA-1-MM-6.138P,MM,2
CGAGCACCACTTCGAA-1-MM-4.138P,MM,2
AGTGGGATCTGCTGCT-1-MM-2.138P,MM,2
GTCACAAAGTGGAGTC-1-MM-1.138P,MM,2
AGATTGCTCCCTGACT-1-MM-1.138P,MM,2
GGACATTCACAGATTC-1-MM-2.138P,MM,2
TGGCTGGCAAGGACAC-1-MM-3.138P,MM,2
CCGTACTTCTCGAGTA-1-MM-2.138P,MM,2
ACATCAGCATCGATTG-1-MM-6.138P,MM,2
GTGTTAGTCTAACTCT-1-MM-5.138P,MM,2
GGACAGACATTTCACT-1-MM-6.138P,MM,2
ACCTTTAGTGTGGCTC-1-MM-1.138P,MM,2
GCATGCGGTCGGGTCT-1-MM-8.138P,MM,2
ACGAGCCCAGCCTATA-1-MM-2.138P,MM,2
GGCGACTGTAACGTTC-1-MM-2.138P,MM,2
ACGGGCTTCTGTTTGT-1-MM-1.138P,MM,2
TACTCGCAGTGGTCCC-1-MM-2.138P,MM,2
ACTGATGGTCAGAATA-1-MM-2.138P,MM,2
ACCTTTATCGTGGACC-1-MM-5.138P,MM,2
GCGGGTTCACATTTCT-1-MM-7.138P,MM,2
TTCGAAGAGCCGTCGT-1-MM-1.138P,MM,2
CTCATTAAGATATACG-1-MM-5.138P,MM,2
CGCTGGAAGAGTACAT-1-MM-2.138P,MM,2
TGTGGTAAGTCTCAAC-1-MM-1.138P,MM,2
GGGTCTGGTAGCGCTC-1-MM-2.138P,MM,2
TGCTACCTCGCCGTGA-1-MM-1.138P,MM,2
TTTACTGGTGTTTGGT-1-MM-2.138P,MM,2
GCAGTTACAAGTTAAG-1-MM-2.138P,MM,2
CATGCCTGTGCAGTAG-1-MM-2.138P,MM,2
TAAGAGAGTTACCGAT-1-MM-1.138P,MM,2
ACATCAGCACCAGGTC-1-MM-1.138P,MM,2
AAAGCAAAGGCTATCT-1-MM-2.138P,MM,2
GGAACTTTCCAGGGCT-1-MM-5.138P,MM,2
TCTGGAAAGAGACGAA-1-MM-1.138P,MM,2
TTTATGCAGAGGTTGC-1-MM-1.138P,MM,2
ACGGGTCTCATGGTCA-1-MM-2.138P,MM,2
AGAATAGAGTAGCCGA-1-MM-1.138P,MM,2
CACCAGGTCTTCATGT-1-MM-5.138P,MM,2
TCGCGTTGTACGCACC-1-MM-1.138P,MM,2
TGGCCAGAGCGTCTAT-1-MM-2.138P,MM,2
GGGAATGTCGCAGGCT-1-MM-2.138P,MM,2
CTCGTCAGTTCGCGAC-1-MM-1.138P,MM,2
TACAGTGAGTTTAGGA-1-MM-4.138P,MM,2
TCAGGTAAGGTACTCT-1-MM-5.138P,MM,2
CGATGTACAGTTTACG-1-MM-6.138P,MM,2
CTTAGGATCTCTGCTG-1-MM-1.138P,MM,2
CAGATCAAGCGTCTAT-1-MM-1.138P,MM,2
ATTATCCTCCCTCAGT-1-MM-2.138P,MM,2
CATCAAGCAAAGCAAT-1-MM-5.138P,MM,2
GCTCTGTGTCAACTGT-1-MM-1.138P,MM,2
ACACTGAGTACCAGTT-1-MM-3.138P,MM,2
TCACAAGGTAAACGCG-1-MM-1.138P,MM,2
GGATGTTTCACTCCTG-1-MM-1.138P,MM,2
CAGTAACCAACTTGAC-1-MM-1.138P,MM,2
CTGAAACAGGATGCGT-1-MM-1.138P,MM,2
GTTTCTAGTCCAAGTT-1-MM-6.138P,MM,2
TCTCATATCCAACCAA-1-MM-1.138P,MM,2
ATCGAGTTCTGATTCT-1-MM-1.138P,MM,2
TCTCTAATCTGATACG-1-MM-2.138P,MM,2
CCCTCCTTCTACTATC-1-MM-2.138P,MM,2
TCAGCTCTCCGCATCT-1-MM-2.138P,MM,2
CATTCGCTCCCGACTT-1-MM-6.138P,MM,2
ACGAGGAGTTAAGATG-1-MM-2.138P,MM,2
TTGGCAAAGCTGCAAG-1-MM-2.138P,MM,2
CCCTCCTCATCGGGTC-1-MM-6.138P,MM,2
GACGTGCGTTCCCTTG-1-MM-1.138P,MM,2
TGAGCATTCTCAACTT-1-MM-2.138P,MM,2
ATTGGTGAGGAGTAGA-1-MM-8.138P,MM,2
CTGATCCAGTGTTTGC-1-MM-6.138P,MM,2
TCATTACTCCAGGGCT-1-MM-3.138P,MM,2
ACGATACGTCTGCAAT-1-MM-6.138P,MM,2
CGGACACAGGCTCTTA-1-MM-5.138P,MM,2
GAATAAGTCGTCTGAA-1-MM-2.138P,MM,2
GATTCAGTCTGAGGGA-1-MM-5.138P,MM,2
AAAGTAGGTTCGTGAT-1-MM-1.138P,MM,2
CTAATGGCAGTACACT-1-MM-6.138P,MM,2
GGGTCTGTCTGGGCCA-1-MM-1.138P,MM,2
GGGAATGTCTGATTCT-1-MM-5.138P,MM,2
CTTCTCTAGAGTCTGG-1-MM-8.138P,MM,2
CTAATGGGTTACGGAG-1-MM-1.138P,MM,2
CTCAGAATCGAACGGA-1-MM-2.138P,MM,2
GAGTCCGGTCTAACGT-1-MM-6.138P,MM,2
CTCACACCAGGCTGAA-1-MM-2.138P,MM,2
ACTATCTAGTGCTGCC-1-MM-3.138P,MM,2
GAGTCCGAGCTGAACG-1-MM-2.138P,MM,2
CCGTACTTCCAGATCA-1-MM-8.138P,MM,2
TGTGGTAAGCGATTCT-1-MM-3.138P,MM,2
ATGTGTGGTAAGTAGT-1-MM-3.138P,MM,2
AGCTCTCAGGGTTTCT-1-MM-4.138P,MM,2
CTTTGCGCACGGTGTC-1-MM-2.138P,MM,2
TTCTTAGCAATCTACG-1-MM-1.138P,MM,2
CTTAACTTCGTAGGTT-1-MM-5.138P,MM,2
CTCTAATGTATAAACG-1-MM-1.138P,MM,2
AAGGAGCGTATCGCAT-1-MM-4.138P,MM,2
CTGCGGAAGTGAACAT-1-MM-2.138P,MM,2
TCAGGATGTATTCGTG-1-MM-1.138P,MM,2
CCAGCGAAGAGGTTGC-1-MM-2.138P,MM,2
CCATGTCTCTTAACCT-1-MM-7.138P,MM,2
GTCGGGTAGGATTCGG-1-MM-2.138P,MM,2
TCTCTAACAATAAGCA-1-MM-5.138P,MM,2
ATGCGATAGTATCTCG-1-MM-2.138P,MM,2
CGAATGTTCTATGTGG-1-MM-5.138P,MM,2
ACGCAGCTCTCTGAGA-1-MM-8.138P,MM,2
TAAGCGTCAGTCAGAG-1-MM-6.138P,MM,2
TACCTATTCGAATGCT-1-MM-8.138P,MM,2
TCTTCGGCACGAAACG-1-MM-2.138P,MM,2
CTAGAGTTCTCTGAGA-1-MM-2.138P,MM,2
AGCGGTCAGATCACGG-1-MM-2.138P,MM,2
TGCGCAGTCCTCAATT-1-MM-2.138P,MM,2
TTGGAACGTCCTCCAT-1-MM-2.138P,MM,2
ACCTTTATCCAAAGTC-1-MM-2.138P,MM,2
CCACCTAAGAAGGTTT-1-MM-1.138P,MM,2
GGGTTGCCACCCATGG-1-MM-3.138P,MM,2
ACGCAGCGTGCAACTT-1-MM-2.138P,MM,2
ATCCGAAGTCTAAACC-1-MM-6.138P,MM,2
ACTTGTTTCAGAGCTT-1-MM-1.138P,MM,2
AAATGCCAGCTTATCG-1-MM-2.138P,MM,2
GGAATAACATGGGACA-1-MM-1.138P,MM,2
GAACGGAAGCGATTCT-1-MM-1.138P,MM,2
AAAGTAGAGAGCTGCA-1-MM-3.138P,MM,2
CTTACCGGTTATGCGT-1-MM-2.138P,MM,2
CCTTACGAGGATTCGG-1-MM-3.138P,MM,2
ACACCAAGTGACGGTA-1-MM-3.138P,MM,2
GTGCATATCATTATCC-1-MM-3.138P,MM,2
GGCAATTAGCTGCAAG-1-MM-2.138P,MM,2
AACTCAGTCTAACTCT-1-MM-5.138P,MM,2
TGGGAAGGTACTCGCG-1-MM-1.138P,MM,2
GCTTCCATCTTGTTTG-1-MM-1.138P,MM,2
AAAGCAACAATCGGTT-1-MM-2.138P,MM,2
GCATACATCCACGCAG-1-MM-2.138P,MM,2
AATCGGTCATCTACGA-1-MM-1.138P,MM,2
GATGCTATCCATGCTC-1-MM-3.138P,MM,2
GTCGTAACACATCCAA-1-MM-8.138P,MM,2
CATCGAACACATTTCT-1-MM-2.138P,MM,2
TCCCGATGTTGCCTCT-1-MM-2.138P,MM,2
TGCGTGGTCAGCGACC-1-MM-4.138P,MM,2
CCTTCGAGTATAATGG-1-MM-2.138P,MM,2
CTCTAATGTACTCAAC-1-MM-7.138P,MM,2
CTCTACGGTTGATTGC-1-MM-5.138P,MM,2
AAATGCCGTACCAGTT-1-MM-1.138P,MM,2
ACCAGTATCTGTCAAG-1-MM-1.138P,MM,2
TCAGATGCATGCCCGA-1-MM-1.138P,MM,2
TCGAGGCAGCGTGTCC-1-MM-1.138P,MM,2
CATCGGGCATACTACG-1-MM-2.138P,MM,2
GCTGCGAAGAGAGCTC-1-MM-5.138P,MM,2
ATAGACCCAGTTCCCT-1-MM-2.138P,MM,2
AAGGAGCCAGATAATG-1-MM-1.138P,MM,2
ACCTTTAGTCTAAACC-1-MM-1.138P,MM,2
TAAGAGATCGTCTGCT-1-MM-1.138P,MM,2
GTAGTCAGTCGTTGTA-1-MM-2.138P,MM,2
TTAGGACCAGGTCCAC-1-MM-1.138P,MM,2
AGTGAGGCAAGCTGGA-1-MM-2.138P,MM,2
TGAGAGGTCCCTTGCA-1-MM-2.138P,MM,2
GTTCTCGGTCAGAATA-1-MM-2.138P,MM,2
CGTAGCGAGTTGTAGA-1-MM-8.138P,MM,2
TACAGTGTCAGCAACT-1-MM-4.138P,MM,2
GTGCATAAGCGATATA-1-MM-1.138P,MM,2
TTTACTGGTACATCCA-1-MM-2.138P,MM,2
ATTCTACAGATCTGAA-1-MM-2.138P,MM,2
CAACCTCGTCGATTGT-1-MM-1.138P,MM,2
CCTCTGAAGTACACCT-1-MM-3.138P,MM,2
GGGATGATCGAATGGG-1-MM-2.138P,MM,2
CTAACTTGTAGGGTAC-1-MM-1.138P,MM,2
TCACAAGAGGAGCGTT-1-MM-6.138P,MM,2
GTCTTCGGTTAAGTAG-1-MM-4.138P,MM,2
TTTACTGGTGGCGAAT-1-MM-2.138P,MM,2
CGGTTAACAAGCTGTT-1-MM-2.138P,MM,2
AGATCTGTCACTTCAT-1-MM-1.138P,MM,2
GTCGTAACAGTACACT-1-MM-3.138P,MM,2
AATCGGTGTTGTCGCG-1-MM-6.138P,MM,2
TTTCCTCTCTGAGTGT-1-MM-1.138P,MM,2
AAATGCCTCACGGTTA-1-MM-5.138P,MM,2
AAAGATGTCATCGATG-1-MM-2.138P,MM,2
CATGACACAAGTACCT-1-MM-2.138P,MM,2
TTTGGTTCAAGTCTAC-1-MM-2.138P,MM,2
GTGTGCGCATACTACG-1-MM-1.138P,MM,2
TAAGAGAGTGCACGAA-1-MM-8.138P,MM,2
CGATGTATCGGGAGTA-1-MM-5.138P,MM,2
CGAGAAGCAGTCACTA-1-MM-6.138P,MM,2
TCGAGGCGTCTTGATG-1-MM-5.138P,MM,2
CAGTAACAGTGATCGG-1-MM-6.138P,MM,2
CGATCGGCAAAGAATC-1-MM-5.138P,MM,2
GGGAATGTCGCATGAT-1-MM-2.138P,MM,2
CGGAGTCCAGGATCGA-1-MM-5.138P,MM,2
TTGCCGTCACTTGGAT-1-MM-5.138P,MM,2
CACAGGCCAATTCCTT-1-MM-2.138P,MM,2
ACATGGTCATCGACGC-1-MM-3.138P,MM,2
CGATGTATCCCTGACT-1-MM-6.138P,MM,2
TAGGCATAGCTGCAAG-1-MM-2.138P,MM,2
GGACAGAGTAAGGGAA-1-MM-5.138P,MM,2
ATGAGGGCAATAGCGG-1-MM-1.138P,MM,2
ATCCGAAGTAACGCGA-1-MM-5.138P,MM,2
TAAACCGCATATGAGA-1-MM-1.138P,MM,2
GTTTCTATCCGCTGTT-1-MM-2.138P,MM,2
ACTGTCCGTAACGACG-1-MM-1.138P,MM,2
TCGCGTTGTAAACGCG-1-MM-3.138P,MM,2
TTGGAACAGCCACTAT-1-MM-2.138P,MM,2
CGACTTCGTGGTCCGT-1-MM-2.138P,MM,2
CGAACATGTAATCGTC-1-MM-8.138P,MM,2
GACACGCTCCGTAGGC-1-MM-2.138P,MM,2
AGTGTCAAGTACTTGC-1-MM-1.138P,MM,2
GGATGTTCACAGAGGT-1-MM-6.138P,MM,2
GAATGAAAGGTACTCT-1-MM-1.138P,MM,2
CACAGGCTCGTTGACA-1-MM-2.138P,MM,2
TGAAAGACAATGGAGC-1-MM-8.138P,MM,2
ACACCCTGTTCGCGAC-1-MM-8.138P,MM,2
AATCCAGAGGCTAGAC-1-MM-2.138P,MM,2
GACGTGCTCCACGACG-1-MM-6.138P,MM,2
CTCGGGATCTGTCCGT-1-MM-1.138P,MM,2
TACACGACACTTACGA-1-MM-8.138P,MM,2
AGTGTCAGTAACGTTC-1-MM-1.138P,MM,2
CGACCTTAGTTCGCGC-1-MM-2.138P,MM,2
GTACGTATCACCAGGC-1-MM-2.138P,MM,2
AGTAGTCCAGACGCAA-1-MM-3.138P,MM,2
CTGTTTATCCCATTTA-1-MM-1.138P,MM,2
ACTTGTTGTGGCGAAT-1-MM-7.138P,MM,2
CCTACACAGCGTGAGT-1-MM-5.138P,MM,2
TCACGAAAGTGAACGC-1-MM-2.138P,MM,2
GATCGATTCGCCCTTA-1-MM-2.138P,MM,2
GGATTACCAACCGCCA-1-MM-3.138P,MM,2
CTCCTAGCAGCGAACA-1-MM-2.138P,MM,2
TGGCCAGGTGCCTGTG-1-MM-2.138P,MM,2
AACCATGTCGTCCAGG-1-MM-2.138P,MM,2
TGCCCATTCAGCTTAG-1-MM-2.138P,MM,2
ATCGAGTGTTGCGCAC-1-MM-6.138P,MM,2
GAACGGAGTTAAGGGC-1-MM-2.138P,MM,2
CACAGTAAGGACATTA-1-MM-2.138P,MM,2
TCGAGGCAGTACATGA-1-MM-1.138P,MM,2
ACAGCTATCGGACAAG-1-MM-1.138P,MM,2
GCATGATGTCAGTGGA-1-MM-7.138P,MM,2
AAATGCCCAGCTATTG-1-MM-2.138P,MM,2
GCTGGGTTCTATCCTA-1-MM-4.138P,MM,2
TCGAGGCCACCAGATT-1-MM-1.138P,MM,2
GCCTCTACAACGATCT-1-MM-2.138P,MM,2
TGACTAGCAATGGAAT-1-MM-1.138P,MM,2
GTCCTCACATCTCGCT-1-MM-1.138P,MM,2
TTCCCAGTCGGCGCAT-1-MM-3.138P,MM,2
TTCTACACAATAGAGT-1-MM-5.138P,MM,2
CGGAGCTGTGAGTGAC-1-MM-2.138P,MM,2
ACGATGTAGTACGCCC-1-MM-2.138P,MM,2
AGCTCCTCAGCCTTGG-1-MM-2.138P,MM,2
GTTACAGCAATTGCTG-1-MM-1.138P,MM,2
CCTACACTCTTGACGA-1-MM-7.138P,MM,2
GTCACGGAGGTGTTAA-1-MM-2.138P,MM,2
AAAGTAGGTGTTGGGA-1-MM-2.138P,MM,2
ACACCAAGTAGGAGTC-1-MM-4.138P,MM,2
TGAGAGGTCTCCTATA-1-MM-2.138P,MM,2
GATGAGGTCCCTAATT-1-MM-5.138P,MM,2
GAGGTGATCCTACAGA-1-MM-1.138P,MM,2
GTTACAGTCTAACTTC-1-MM-2.138P,MM,2
GGGTCTGTCATCGATG-1-MM-5.138P,MM,2
GATCAGTAGCTTATCG-1-MM-3.138P,MM,2
GTCGTAAAGGATTCGG-1-MM-2.138P,MM,2
ACATACGGTCGAACAG-1-MM-2.138P,MM,2
TGACTAGAGCGTGTCC-1-MM-1.138P,MM,2
TGCCAAATCAGAAATG-1-MM-1.138P,MM,2
CACACCTAGGGTGTTG-1-MM-1.138P,MM,2
CCTTCCCCACTTAAGC-1-MM-3.138P,MM,2
AGCCTAAGTGTGAAAT-1-MM-2.138P,MM,2
ACCGTAAAGCTAAACA-1-MM-2.138P,MM,2
GCTTGAACAGCTGCAC-1-MM-1.138P,MM,2
CGATGGCTCGGATGGA-1-MM-2.138P,MM,2
GCTCTGTAGACCCACC-1-MM-6.138P,MM,2
TCGCGTTGTTAAGATG-1-MM-6.138P,MM,2
AAGTCTGCACGGTAGA-1-MM-1.138P,MM,2
TCGGTAAGTTCCACTC-1-MM-6.138P,MM,2
GAGGTGAGTTCAACCA-1-MM-3.138P,MM,2
GCCTCTATCAGTTGAC-1-MM-8.138P,MM,2
AGCCTAAAGGACAGAA-1-MM-6.138P,MM,2
ACTTTCAAGAGGGCTT-1-MM-6.138P,MM,2
CCTATTATCTAGAGTC-1-MM-1.138P,MM,2
CACAGTAGTCCGTGAC-1-MM-5.138P,MM,2
GCGCAACTCTCTAGGA-1-MM-5.138P,MM,2
CTAGAGTTCGTAGGAG-1-MM-5.138P,MM,2
CACATAGCATGGAATA-1-MM-4.138P,MM,2
TATCAGGCAAAGGCGT-1-MM-8.138P,MM,2
GTCTTCGAGTCGAGTG-1-MM-2.138P,MM,2
GACGTTAAGCGATAGC-1-MM-1.138P,MM,2
TGGACGCTCAGTCAGT-1-MM-1.138P,MM,2
CATATGGCACCATCCT-1-MM-5.138P,MM,2
ACCGTAACAAAGAATC-1-MM-1.138P,MM,2
AGCTTGAAGCCCAACC-1-MM-1.138P,MM,2
CTTAACTCAAAGGTGC-1-MM-1.138P,MM,2
TCAGCTCAGATAGGAG-1-MM-7.138P,MM,2
CACTCCAGTGCTCTTC-1-MM-5.138P,MM,2
CAAGGCCGTACACCGC-1-MM-5.138P,MM,2
TAAGCGTCAGTTCATG-1-MM-1.138P,MM,2
AACGTTGAGGGCTCTC-1-MM-1.138P,MM,2
GAGTCCGAGCGATAGC-1-MM-3.138P,MM,2
ACCTTTAAGTGCAAGC-1-MM-2.138P,MM,2
CATGGCGGTGTCTGAT-1-MM-5.138P,MM,2
TTCCCAGTCCCAGGTG-1-MM-2.138P,MM,2
GTCACGGCACGAAGCA-1-MM-2.138P,MM,2
TTAGTTCGTACAGTGG-1-MM-3.138P,MM,2
TAGCCGGGTACAGCAG-1-MM-2.138P,MM,2
GTGCGGTTCAACACAC-1-MM-7.138P,MM,2
AGCTCCTTCTAACGGT-1-MM-6.138P,MM,2
AGTGGGAGTAGGCTGA-1-MM-2.138P,MM,2
ATGTGTGAGAGGTTGC-1-MM-1.138P,MM,2
TGGCTGGCAGTAACGG-1-MM-2.138P,MM,2
CGTCAGGAGTTGAGAT-1-MM-7.138P,MM,2
AGCATACTCTCCGGTT-1-MM-2.138P,MM,2
GTCTTCGAGTTGAGAT-1-MM-5.138P,MM,2
TCTCTAATCAGAGACG-1-MM-2.138P,MM,2
GATCGATTCACATACG-1-MM-1.138P,MM,2
CGAGCCAGTGTGTGCC-1-MM-4.138P,MM,2
AAACCTGAGACCCACC-1-MM-2.138P,MM,2
CGGAGTCCAAACGTGG-1-MM-2.138P,MM,2
CCAGCGACATCGATTG-1-MM-2.138P,MM,2
ACGGAGAAGTCCCACG-1-MM-5.138P,MM,2
CTCCTAGAGTCACGCC-1-MM-2.138P,MM,2
ACGGGTCTCCAAATGC-1-MM-1.138P,MM,2
TGGGAAGAGGGTTCCC-1-MM-2.138P,MM,2
TGAGCCGAGACTGTAA-1-MM-1.138P,MM,2
CTCTAATAGACAGAGA-1-MM-5.138P,MM,2
TCTCTAAGTGTTGAGG-1-MM-2.138P,MM,2
GGATTACAGTTGCAGG-1-MM-2.138P,MM,2
TCGCGAGAGCCCAACC-1-MM-1.138P,MM,2
CTAATGGAGAGGTACC-1-MM-2.138P,MM,2
ACGGGCTTCAAGCCTA-1-MM-8.138P,MM,2
CGGAGCTCAAGCGAGT-1-MM-3.138P,MM,2
TGCCAAACAGCATGAG-1-MM-7.138P,MM,2
TTTGGTTAGAGGTTGC-1-MM-6.138P,MM,2
AGCAGCCGTCCATGAT-1-MM-1.138P,MM,2
TCAGGTAAGGACAGAA-1-MM-1.138P,MM,2
TGAGAGGCAGGCGATA-1-MM-1.138P,MM,2
CGTAGCGCAGACTCGC-1-MM-4.138P,MM,2
CCCTCCTAGCGTGAAC-1-MM-2.138P,MM,2
GAATGAAAGTATGACA-1-MM-2.138P,MM,2
AAGTCTGCAGGTGCCT-1-MM-1.138P,MM,2
CACATTTCACATCCAA-1-MM-2.138P,MM,2
CAGCTGGAGTTAACGA-1-MM-2.138P,MM,2
TAGCCGGAGATGTTAG-1-MM-1.138P,MM,2
CAGAATCTCTGCAAGT-1-MM-2.138P,MM,2
GCTTCCAAGGACAGAA-1-MM-2.138P,MM,2
CGTCACTAGGAATCGC-1-MM-1.138P,MM,2
CGCTATCTCCCTTGCA-1-MM-2.138P,MM,2
GCTGGGTCAAGTTAAG-1-MM-5.138P,MM,2
CAGATCAGTCTCAACA-1-MM-1.138P,MM,2
ACGGGCTTCGCATGAT-1-MM-2.138P,MM,2
ATAACGCCATAGGATA-1-MM-1.138P,MM,2
CCTTTCTAGTCGCCGT-1-MM-1.138P,MM,2
GTCAAGTTCTGGCGTG-1-MM-2.138P,MM,2
GAACGGATCAGAAATG-1-MM-2.138P,MM,2
AACCATGGTCTCAACA-1-MM-2.138P,MM,2
TCTCTAATCCGTCATC-1-MM-1.138P,MM,2
GGAGCAAAGCCATCGC-1-MM-1.138P,MM,2
AGTTGGTGTTAGAACA-1-MM-3.138P,MM,2
GATGAAAGTGCCTGCA-1-MM-1.138P,MM,2
GTACGTAGTTGTACAC-1-MM-3.138P,MM,2
CTACACCCACAAGTAA-1-MM-6.138P,MM,2
TTCTCCTAGTTTGCGT-1-MM-3.138P,MM,2
AATCGGTGTCGGATCC-1-MM-1.138P,MM,2
CCTACCATCTTACCGC-1-MM-2.138P,MM,2
AGTGAGGCAGGAATCG-1-MM-1.138P,MM,2
CCCATACAGGACCACA-1-MM-3.138P,MM,2
GTATTCTTCTAACTCT-1-MM-1.138P,MM,2
TTTACTGGTGGAAAGA-1-MM-5.138P,MM,2
ATTCTACGTCCTGCTT-1-MM-2.138P,MM,2
CGTGTAACAAGCCGCT-1-MM-2.138P,MM,2
CTTGGCTTCGGCTACG-1-MM-5.138P,MM,2
GGGTTGCAGCACCGCT-1-MM-1.138P,MM,2
TACCTTACAAGCCTAT-1-MM-5.138P,MM,2
CCTACCATCCTTAATC-1-MM-6.138P,MM,2
CTAACTTCATTGGGCC-1-MM-6.138P,MM,2
GACACGCAGTAGTGCG-1-MM-8.138P,MM,2
AGGCCGTCACTTAAGC-1-MM-2.138P,MM,2
ACACCCTGTCCTGCTT-1-MM-1.138P,MM,2
TACTTACCATGCGCAC-1-MM-2.138P,MM,2
AAACGGGAGCACACAG-1-MM-5.138P,MM,2
AAAGATGGTCTTCGTC-1-MM-6.138P,MM,2
TTCTCAAAGCTGTTCA-1-MM-5.138P,MM,2
TCATTACGTAAATGAC-1-MM-2.138P,MM,2
GGGAGATCACATGGGA-1-MM-1.138P,MM,2
GTGCGGTTCGCCTGAG-1-MM-3.138P,MM,2
CCAATCCTCGCCATAA-1-MM-5.138P,MM,2
GTCAAGTCAATGGACG-1-MM-2.138P,MM,2
CCATTCGAGTGGAGTC-1-MM-2.138P,MM,2
CATATGGGTAATTGGA-1-MM-1.138P,MM,2
TAGACCAAGTAAGTAC-1-MM-1.138P,MM,2
ACTGATGCATAGAAAC-1-MM-2.138P,MM,2
AAATGCCAGAGCAATT-1-MM-1.138P,MM,2
AGATCTGTCATGCTCC-1-MM-3.138P,MM,2
ACAGCCGGTACCCAAT-1-MM-5.138P,MM,2
GACGTTACAGGGTACA-1-MM-3.138P,MM,2
GCTCCTAAGTCGAGTG-1-MM-2.138P,MM,2
GACGGCTTCGATAGAA-1-MM-1.138P,MM,2
TGCTGCTAGCATCATC-1-MM-2.138P,MM,2
CCACTACGTAAATGAC-1-MM-4.138P,MM,2
TGAGCATAGGACACCA-1-MM-1.138P,MM,2
GTGCGGTCACTTAACG-1-MM-1.138P,MM,2
CCGTTCATCTTATCTG-1-MM-2.138P,MM,2
TAGCCGGAGGCTAGGT-1-MM-5.138P,MM,2
AGCGTATGTGGACGAT-1-MM-1.138P,MM,2
TCAATCTCACGACTCG-1-MM-2.138P,MM,2
GACCTGGTCAGGATCT-1-MM-2.138P,MM,2
TGTATTCAGTGGGCTA-1-MM-1.138P,MM,2
ATCTGCCGTCGGGTCT-1-MM-2.138P,MM,2
GATGCTAAGCAGATCG-1-MM-2.138P,MM,2
AGCATACTCTATCGCC-1-MM-1.138P,MM,2
ACACTGAGTGGCTCCA-1-MM-1.138P,MM,2
TCGTAGAGTCACAAGG-1-MM-2.138P,MM,2
CGAGCCAGTCTCTTTA-1-MM-6.138P,MM,2
CTGTGCTCACCATCCT-1-MM-1.138P,MM,2
AACTCCCGTGTTAAGA-1-MM-1.138P,MM,2
CATCAAGAGGAACTGC-1-MM-5.138P,MM,2
TAGAGCTCAGATCGGA-1-MM-2.138P,MM,2
CCTTACGCACTAAGTC-1-MM-1.138P,MM,2
GGTGCGTCATCCTTGC-1-MM-6.138P,MM,2
CGTGTCTAGAAGATTC-1-MM-6.138P,MM,2
CGTTCTGGTTCTCATT-1-MM-2.138P,MM,2
TTATGCTAGTACGTTC-1-MM-2.138P,MM,2
TGCCCATTCAGAGCTT-1-MM-5.138P,MM,2
GATGAGGGTCTGGAGA-1-MM-2.138P,MM,2
CGAGCACCAGCCTGTG-1-MM-2.138P,MM,2
AATCCAGAGAATTCCC-1-MM-6.138P,MM,2
CACACCTTCCGAATGT-1-MM-2.138P,MM,2
TGACTAGTCACCTTAT-1-MM-1.138P,MM,2
TCAGCAAAGTTACGGG-1-MM-3.138P,MM,2
TCACGAAAGTAACCCT-1-MM-1.138P,MM,2
GTGTGCGCAGTACACT-1-MM-5.138P,MM,2
GACAGAGAGACTGGGT-1-MM-5.138P,MM,2
TTAGTTCAGGTCATCT-1-MM-2.138P,MM,2
TGAGCATCAGACGCTC-1-MM-7.138P,MM,2
AGGTCATTCCTAGGGC-1-MM-8.138P,MM,2
CAGCTAACAGTATCTG-1-MM-2.138P,MM,2
TGCCCTACATGTCGAT-1-MM-2.138P,MM,2
CAAGTTGAGGCACATG-1-MM-1.138P,MM,2
ATGCGATTCTGCGACG-1-MM-2.138P,MM,2
GACACGCCAGTAACGG-1-MM-1.138P,MM,2
GGACAAGAGAAACCGC-1-MM-1.138P,MM,2
CATCGGGAGGTGGGTT-1-MM-2.138P,MM,2
GTCGTAATCAGGCCCA-1-MM-5.138P,MM,2
TCCACACGTGCCTGCA-1-MM-1.138P,MM,2
CGAATGTCATCGACGC-1-MM-4.138P,MM,2
ACGCCAGTCACCACCT-1-MM-5.138P,MM,2
CTGATCCTCTGGTGTA-1-MM-8.138P,MM,2
GAAGCAGGTGACGCCT-1-MM-1.138P,MM,2
GCAGCCATCCGAATGT-1-MM-3.138P,MM,2
ACATCAGAGCTAACAA-1-MM-5.138P,MM,2
TGATTTCGTCAACATC-1-MM-1.138P,MM,2
CAAGAAAGTATCGCAT-1-MM-5.138P,MM,2
TCTGGAACAAAGGTGC-1-MM-2.138P,MM,2
CGACTTCTCTGGCGTG-1-MM-1.138P,MM,2
CCGGGATTCGTTACGA-1-MM-5.138P,MM,2
ACTGCTCTCAGCTCGG-1-MM-8.138P,MM,2
TAAGAGAAGCTCAACT-1-MM-1.138P,MM,2
TGAGAGGGTCCTAGCG-1-MM-1.138P,MM,2
ACGATACCACCCATTC-1-MM-5.138P,MM,2
GCCAAATAGGCCATAG-1-MM-1.138P,MM,2
CCTCTGAAGCTCAACT-1-MM-2.138P,MM,2
ATCGAGTGTAGCAAAT-1-MM-1.138P,MM,2
GATCAGTCAGCCTATA-1-MM-8.138P,MM,2
GATCAGTCATCGGGTC-1-MM-1.138P,MM,2
CATCGAAAGCGCCTCA-1-MM-6.138P,MM,2
CCCAATCGTACAGTTC-1-MM-8.138P,MM,2
CCTTACGTCACTCTTA-1-MM-1.138P,MM,2
GTCACGGTCTGGTTCC-1-MM-2.138P,MM,2
TTGCGTCCATGCTGGC-1-MM-1.138P,MM,2
ACTGAACCACAGGTTT-1-MM-1.138P,MM,2
GAACATCAGCCTCGTG-1-MM-1.138P,MM,2
GTTCATTCAAGAGTCG-1-MM-1.138P,MM,2
CGGACACAGGTGATAT-1-MM-5.138P,MM,2
GCCAAATTCAGGTTCA-1-MM-5.138P,MM,2
GCTCCTAGTTCGCGAC-1-MM-5.138P,MM,2
CAGCGACCAAGCGTAG-1-MM-3.138P,MM,2
TCTCTAATCCACTCCA-1-MM-5.138P,MM,2
TTAGGCAAGGCCCTTG-1-MM-2.138P,MM,2
CCCATACTCCTCAATT-1-MM-1.138P,MM,2
GTGCATAAGCCACTAT-1-MM-1.138P,MM,2
GAATAAGAGCCATCGC-1-MM-1.138P,MM,2
TACGGATCACGCCAGT-1-MM-1.138P,MM,2
CGTCAGGAGATCTGCT-1-MM-2.138P,MM,2
TTCTCCTGTTATTCTC-1-MM-5.138P,MM,2
AACTCTTTCAACGGCC-1-MM-1.138P,MM,2
GGGTTGCAGAGGTAGA-1-MM-3.138P,MM,2
TTTGTCACACGAAAGC-1-MM-6.138P,MM,2
TTAGGCATCTGTCCGT-1-MM-1.138P,MM,2
CACACCTGTCATATGC-1-MM-5.138P,MM,2
AGAGCGAAGGACACCA-1-MM-1.138P,MM,2
TCTATTGTCTCTGCTG-1-MM-2.138P,MM,2
CTCGTACGTTATCACG-1-MM-2.138P,MM,2
AGATTGCGTACATCCA-1-MM-2.138P,MM,2
CCATGTCGTGGGTATG-1-MM-5.138P,MM,2
CCTCAGTAGAGTACCG-1-MM-1.138P,MM,2
TTGTAGGAGTCACGCC-1-MM-6.138P,MM,2
GGACGTCTCGTATCAG-1-MM-1.138P,MM,2
ATTCTACAGCACCGTC-1-MM-5.138P,MM,2
CATTCGCGTAACGCGA-1-MM-2.138P,MM,2
GGTGCGTAGTCAAGCG-1-MM-6.138P,MM,2
ACTGAACGTACTTGAC-1-MM-1.138P,MM,2
TTTCCTCCAGGGATTG-1-MM-1.138P,MM,2
CAGCTGGAGCTACCTA-1-MM-3.138P,MM,2
AGCGTATGTATATGGA-1-MM-2.138P,MM,2
CTAACTTTCATAACCG-1-MM-4.138P,MM,2
TAGAGCTAGATGGCGT-1-MM-1.138P,MM,2
GAGCAGATCCGCGCAA-1-MM-2.138P,MM,2
CAGCTGGCATGCAATC-1-MM-1.138P,MM,2
CGTCAGGAGTAGCCGA-1-MM-1.138P,MM,2
CGGACGTCACTTACGA-1-MM-1.138P,MM,2
GTACGTAAGCTGTCTA-1-MM-1.138P,MM,2
TGTATTCAGCCCAACC-1-MM-5.138P,MM,2
AGGCCACTCAGTGCAT-1-MM-8.138P,MM,2
CTTAGGAAGTGACATA-1-MM-2.138P,MM,2
CGCGTTTGTCAACATC-1-MM-3.138P,MM,2
GACAGAGTCGCCCTTA-1-MM-2.138P,MM,2
GCATGCGAGAGGACGG-1-MM-5.138P,MM,2
CGTGAGCAGGTCGGAT-1-MM-8.138P,MM,2
CCCAGTTTCTGTCTCG-1-MM-3.138P,MM,2
ACTGAACGTGACCAAG-1-MM-1.138P,MM,2
CGGACTGGTAGCGTCC-1-MM-3.138P,MM,2
GTCAAGTTCTGGTGTA-1-MM-5.138P,MM,2
CACAAACTCTAACTGG-1-MM-8.138P,MM,2
AGTTGGTTCACCCTCA-1-MM-2.138P,MM,2
ACGCAGCCATTGGGCC-1-MM-8.138P,MM,2
GTGGGTCAGCTAGCCC-1-MM-2.138P,MM,2
CATATGGTCTCTGCTG-1-MM-2.138P,MM,2
CCTCTGACAATTCCTT-1-MM-5.138P,MM,2
ACTTTCAGTTGATTCG-1-MM-8.138P,MM,2
CTGGTCTGTGCCTTGG-1-MM-2.138P,MM,2
TCATTACTCTCCCTGA-1-MM-5.138P,MM,2
ACGTCAAGTAAGTGTA-1-MM-7.138P,MM,2
GGTGAAGGTGTGACCC-1-MM-1.138P,MM,2
CACCTTGAGACTTGAA-1-MM-2.138P,MM,2
CTAATGGAGCCACGTC-1-MM-2.138P,MM,2
ATCATCTGTCCTAGCG-1-MM-5.138P,MM,2
TCTGAGATCATGTCCC-1-MM-8.138P,MM,2
TGCACCTAGGTCGGAT-1-MM-2.138P,MM,2
TAGTTGGAGGCATGGT-1-MM-2.138P,MM,2
AGAATAGTCACTTCAT-1-MM-2.138P,MM,2
TCGTACCTCCGTCATC-1-MM-3.138P,MM,2
TGCGCAGTCTGCTTGC-1-MM-1.138P,MM,2
TGCCAAACACCTATCC-1-MM-3.138P,MM,2
CTAATGGGTAACGCGA-1-MM-2.138P,MM,2
TCGCGAGTCGCGTAGC-1-MM-3.138P,MM,2
GAGTCCGCAAGAGGCT-1-MM-1.138P,MM,2
GGATTACCAGACACTT-1-MM-1.138P,MM,2
CTCCTAGTCGTTACAG-1-MM-2.138P,MM,2
AGTTGGTCATACAGCT-1-MM-8.138P,MM,2
GGCAATTAGAACTGTA-1-MM-1.138P,MM,2
TAAGAGAAGACTGTAA-1-MM-5.138P,MM,2
CGGCTAGCATTGGCGC-1-MM-6.138P,MM,2
GCGAGAAGTCTTCTCG-1-MM-2.138P,MM,2
TTGAACGCACTAGTAC-1-MM-2.138P,MM,2
CAGCAGCTCTAACGGT-1-MM-1.138P,MM,2
TCTCTAATCAGCTCTC-1-MM-8.138P,MM,2
CTAAGACCAACTGCGC-1-MM-1.138P,MM,2
CATCCACAGAGTACAT-1-MM-1.138P,MM,2
GATCGCGAGCCATCGC-1-MM-1.138P,MM,2
TGACAACTCCAATGGT-1-MM-2.138P,MM,2
CCTAGCTTCAACGGGA-1-MM-1.138P,MM,2
CTCACACTCTACCTGC-1-MM-1.138P,MM,2
CAGAATCGTAAGTAGT-1-MM-2.138P,MM,2
GTAGGCCCATGCCACG-1-MM-1.138P,MM,2
GGAGCAACATTGAGCT-1-MM-3.138P,MM,2
CAGCTAAGTTCAGCGC-1-MM-3.138P,MM,2
TGCCAAATCAGCTTAG-1-MM-2.138P,MM,2
AGATTGCGTAGAAAGG-1-MM-2.138P,MM,2
GGCGACTAGAGCTTCT-1-MM-8.138P,MM,2
TACGGGCGTCTCATCC-1-MM-1.138P,MM,2
TGCTACCGTTAGTGGG-1-MM-1.138P,MM,2
TTAGGCAGTCATACTG-1-MM-3.138P,MM,2
ACACCCTAGCAATCTC-1-MM-2.138P,MM,2
ATCATCTGTTGTGGCC-1-MM-2.138P,MM,2
GTCATTTTCTCCGGTT-1-MM-5.138P,MM,2
CTAAGACTCATCTGTT-1-MM-2.138P,MM,2
GTTAAGCAGTTGCAGG-1-MM-1.138P,MM,2
GGCTGGTCATATGCTG-1-MM-1.138P,MM,2
AGTTGGTGTCATCCCT-1-MM-4.138P,MM,2
GGTGTTATCGAGCCCA-1-MM-6.138P,MM,2
CTACACCGTGGCTCCA-1-MM-2.138P,MM,2
GTGCGGTGTTCGAATC-1-MM-2.138P,MM,2
GATCGCGGTCACCTAA-1-MM-3.138P,MM,2
AGCGGTCTCCCAAGTA-1-MM-1.138P,MM,2
GCGACCAAGTTACGGG-1-MM-2.138P,MM,2
TGGCTGGCAATCGGTT-1-MM-3.138P,MM,2
CCGTTCACAAAGCAAT-1-MM-2.138P,MM,2
TACTCGCAGAAACGAG-1-MM-3.138P,MM,2
ATGGGAGAGTACGCCC-1-MM-2.138P,MM,2
GCTGGGTCAGGGTATG-1-MM-1.138P,MM,2
CTCGAAAAGTCTCAAC-1-MM-1.138P,MM,2
CGGACACTCAGTGTTG-1-MM-5.138P,MM,2
GTAGGCCGTTCAGACT-1-MM-2.138P,MM,2
ACAGCTAAGCGTGAGT-1-MM-6.138P,MM,2
CCGGTAGAGTGAAGTT-1-MM-2.138P,MM,2
TTGGAACGTCTAACGT-1-MM-8.138P,MM,2
CGTTAGACACTCAGGC-1-MM-4.138P,MM,2
GCAGCCAAGCGATGAC-1-MM-2.138P,MM,2
GCTCCTAGTCTCTTAT-1-MM-8.138P,MM,2
CCACTACCAGGCTGAA-1-MM-6.138P,MM,2
ATTACTCGTACAGTTC-1-MM-1.138P,MM,2
TGGCGCATCACATAGC-1-MM-2.138P,MM,2
GAAACTCGTAAGAGAG-1-MM-5.138P,MM,2
